model,benchmark,question_id,question,correct_answer,distractor_answer
Llama-3.1-8B-Instruct,logiqa,0,"Based on the above statement, which of the following can be derived?",Civic Park is north of the administrative service area.,The leisure area is southwest of the cultural area.
Llama-3.1-8B-Instruct,logiqa,1,So what are the three young people on business?,"0-year-old accountant, 20-year-old salesperson, 24-year-old salesperson.","4-year-old accountant, 20-year-old salesperson, 20-year-old salesperson."
Llama-3.1-8B-Instruct,logiqa,2,"According to the above statement, which of the following can be drawn about this Chinese medicine preparation?",o Shouwu.,o dangshen.
Llama-3.1-8B-Instruct,logiqa,3,Which of the following can best strengthen the above argument.,"If you do not participate in the English tutoring class, you cannot pass the graduate entrance exam.","If you take an English tutoring class, you can pass the graduate entrance exam."
Llama-3.1-8B-Instruct,logiqa,4,"According to the above statement, it can be concluded that who is not in the fourth?",Ding.,C.
Llama-3.1-8B-Instruct,logiqa,5,"According to the above statement, you can get which of the following?",hang Ming speaks Minnan dialect.,i Ying is from Shandong.
Llama-3.1-8B-Instruct,logiqa,6,Which of the following is true will most weaken the above argument.,Some of the newly built houses in Hexi Village are not small property houses.,This newly built house in Hexi Village is a small property house.
Llama-3.1-8B-Instruct,logiqa,7,"The result of the match showed that only one argument was correct, so who won the championship?",hanbei.,iangnan.
Llama-3.1-8B-Instruct,logiqa,8,Which of the following is the conclusion must be assumed.,"To achieve urbanization, the city must fully absorb the rural population.",Urbanization is the only way for China's development.
Llama-3.1-8B-Instruct,logiqa,9,Which of the following is assumed by the above argument.,"The brain cannot process too much information in detail at the same time, and will only selectively focus on the things most relevant to the behavior.",Visual information is only transmitted through the visual cortex to obtain a neural network to transmit.
Llama-3.1-8B-Instruct,logiqa,10,Which of the following is true is the best argument against the above argument.,"Although the turnover has increased by 23%, the volume of Chinese buyers has not increased this year.",The risk of the US real estate market has been small in recent years and has a certain function of value preservation and appreciation.
Llama-3.1-8B-Instruct,logiqa,11,Which of the following can best question the above view?,"The microwave only heats the water molecules in the food, the food does not change chemically.",It is also common for developed countries to use microwave ovens.
Llama-3.1-8B-Instruct,logiqa,12,"Which one, if true, most doubts the views of the above media.","Many of the cadres counted in the past 20 years are enterprise cadres, which used to include only government officials.",Some of the workers ’children in the statistics may be former farmers’ children.
Llama-3.1-8B-Instruct,logiqa,13,"If it is true, can it most support the opinions of the above experts?","After taking lotus leaf products, a layer of fat isolation film is formed on the human intestinal wall, which can effectively prevent the absorption of fat;.",Lotus leaf promotes gastrointestinal motility and clears the body of stool;.
Llama-3.1-8B-Instruct,logiqa,14,"Which of the following, if true, most doubts the opinions of the above experts?","Some experts analyzed the fossil's long axis, crown shape, crown lip and tongue surface protrusion and enamel, etc. , that this fossil is not a human incisor fossil, but a deer tooth fossil;.","This tooth fossil was excavated in the red sand layer 20 cm below the calcium plate 110,000 years ago;."
Llama-3.1-8B-Instruct,logiqa,15,"Based on the above statement, which of the following can be derived?",Ding is a female doctor.,Geng is not a male doctor;.
Llama-3.1-8B-Instruct,logiqa,16,"Based on the above information, regarding the order of the five stations from west to east, which of the following is possible?","Haoyun Station, Yinling Station, Jiushang Station, Fuyi Station, Hu Yao Station;.","Haoyun Station, Hu Yao Station, Fuyi Station, Yinling Station, Jiushang Station;."
Llama-3.1-8B-Instruct,logiqa,17,"If Jiushang Station is adjacent to Haoyun Station and east of Haoyun Station, it can be concluded that?",Hu Yao is standing on the east side;.,Fuyi is standing in the west;.
Llama-3.1-8B-Instruct,logiqa,18,"If Hao Yun stands to the east of Jiushang Station, you can get?",Haoyun Station is adjacent to Fuyi Station and west of Fuyi Station;.,Jiushang Station is adjacent to Haoyun Station and west of Haoyun Station;.
Llama-3.1-8B-Instruct,logiqa,19,"If Haoyun Station is adjacent to Yinling Station, you can get?",Jiu Shang standing west of Fuyi Station.,Hao Yun stands west of Yinling Station.
Llama-3.1-8B-Instruct,logiqa,20,"Which of the following, if true, can best refute the above argument?","Although the lifespan of the Leeds fish and the whale shark differ greatly, they all reach adulthood around the age of 20, and their body shape is basically fixed.","Although the lifespan of fish is different, their growth stages basically correspond to their juvenile, adult, middle-aged and elderly."
Llama-3.1-8B-Instruct,logiqa,21,"Which of the following, if true, will best support the above argument?","The raw materials of these canoes cannot be transported from the distant Yunnan virgin forest, they can only be obtained locally.","The place where the Qi Zhou Qiu Jian story takes place is the Chu area, including south of Xuchang, Henan."
Llama-3.1-8B-Instruct,logiqa,22,"Which of the following, if true, best supports the above researchers ’views?","Before the experiment, the mathematics scores of the two groups of students were almost the same.","Subjects with microshocks in the brain are more concerned about their behavior, and their concentration is more focused during the test."
Llama-3.1-8B-Instruct,logiqa,23,"Regarding the overall average price of residential housing in the above three cities, which of the following judgments is wrong?",The overall average price of residential housing in A City is the lowest.,The overall average price of residential housing in Cingcheng is the lowest.
Llama-3.1-8B-Instruct,logiqa,24,Which of the following is most appropriate as a corollary of the above discussion?,"""Y chromosome Adam"" and ""mitochondrial Eve"" were formed in the same period, and ""age"" is close, ""Y chromosome Adam"" may be earlier.","5 years ago, there was only one man ""Adam"" on earth."
Llama-3.1-8B-Instruct,logiqa,25,"Which of the following, if true, would best support the above argument?","During the Carboniferous period, the concentration of oxygen in the earth ’s atmosphere was as high as 35%, much higher than the current 21%. At that time, there were many giant insects on the earth, and the wingspan of the dragonfly was close to one meter.","Studies of invertebrates in the ocean have also found that in colder water and with higher oxygen content, the organisms there are also larger."
Llama-3.1-8B-Instruct,logiqa,26,Which of the following must be selected?,Ren Xiangyang.,Guo Yanran.
Llama-3.1-8B-Instruct,logiqa,27,"If Guo Yanran is selected, which of the following must also be selected?",Qiu Zhijie.,He Zhilian.
Llama-3.1-8B-Instruct,logiqa,28,"If He Zhilian is not selected, which of the following is not selected?",Tang Xiaohua.,Song Wenkai.
Llama-3.1-8B-Instruct,logiqa,29,"If Tang Xiaohua is selected, which two of the following must be selected?",Fang Rufen and He Zhilian.,Peng Youwen and He Zhilian.
Llama-3.1-8B-Instruct,logiqa,30,"Which of the following, if true, best supports the above-mentioned scientists ’speculation?","Animals dominated by nocturnal activities, generally have larger eyes.",The time when the earliest great apes separated from other primates was at least 55 million years ago.
Llama-3.1-8B-Instruct,logiqa,31,"Which of the following, if true, would best refute the views of ordinary people?","Gene screening is mainly to avoid reproductive defects, this technology brings opportunities for human eugenics and eugenics; as for ""customized babies"", the concept of cloning is more involved, the two should not be confused.","""Artificial"" genetic screening does not rule out that there will be loopholes; in natural conception, the guidelines for survival of the fittest in nature seem to be more subtle and effective."
Llama-3.1-8B-Instruct,logiqa,32,Which of the following is true to best refute the above speculation?,There is a huge difference between the process of developing from protein to organic life and the process from organic molecules to protein.,"Higher intelligence is not only a product of material evolution, but also a product of continuous socialization."
Llama-3.1-8B-Instruct,logiqa,33,"Which of the following, if true, can best refute the views of the above scientists?","Eight Homo sapiens teeth 400,000 years ago were discovered in the Qesem cave 12 km east of Tel Aviv, Israel.","In an archaeological excavation in South America, people discovered the fossils of Homo sapiens skulls that lived about 170,000 years ago."
Llama-3.1-8B-Instruct,logiqa,34,"Which of the following, if true, can best refute the views of the above scientists?",The stars that people can observe may be less than one percent of the real universe.,"From the perspective of other celestial bodies in the universe, redshift is also an absolute dominant phenomenon."
Llama-3.1-8B-Instruct,logiqa,35,"In order from bottom to top, which of the following matches the distribution of the above floors?","Finance Department, Planning Department, Administration Department, Human Resources Department, R & D Department, Sales Department.","Finance Department, Planning Department, Administration Department, Human Resources Department, Sales Department, R & D Department."
Llama-3.1-8B-Instruct,logiqa,36,"If the Human Resources Department is not at the upper level of the Administration Department, which of the following may be correct?",The sales department is one level above the administrative department.,The sales department is on the upper level of the R & D department.
Llama-3.1-8B-Instruct,logiqa,37,"If the human resources department is not on the top floor, the floors that the R & D department may be on are?",", 6.",", 5."
Llama-3.1-8B-Instruct,logiqa,38,"If the Finance Department is on the third level, which of the following may be correct?",The R & D department is on the upper level of the sales department.,The sales department is on a certain layer above the planning department.
Llama-3.1-8B-Instruct,logiqa,39,Which of the following may be the two departments where the first and second tiers are located?,R & D Department and Sales Department.,"Planning Department, Sales Department."
Llama-3.1-8B-Instruct,logiqa,40,Which of the following is most similar to the above argument?,"Anyone who meets the basic conditions can apply for a small loan. Sun Wen did not apply for a small loan. Therefore, Sun Wen did not meet the basic conditions.","Kind people will be respected by the villagers, Chenggong who is kind and charitable will be respected by the villagers, so Chenggong is a kind person."
Llama-3.1-8B-Instruct,logiqa,41,"Which of the following, if true, would best refute the above experimental conclusion?",The capsaicin contained in chili can hinder the secretion of a neurotransmitter to a certain extent.,"In another group of subjects who took the pill after meals, 55% of the subjects' symptoms were alleviated."
Llama-3.1-8B-Instruct,logiqa,42,"Which of the following, if true, can best refute the above argument?",The cave is actually an ancient cemetery and funeral venue.,The cave inspired the description of hell in Greek mythology.
Llama-3.1-8B-Instruct,logiqa,43,"Which of the following, if true, would best support the above research findings?",Elements such as iridium and platinum are peculiar to meteorites and usually only exist in trace amounts on the surface.,The rock was formed after the accumulation layer of the deep seabed in the ancient times exposed above the ground.
Llama-3.1-8B-Instruct,logiqa,44,"Regarding the newly recruited researchers of the unit in 2013, which of the following judgments is correct?","All non-graduate PhD students live in the ""Peony Garden"" community.","None of the people living in the ""Peony Garden"" community have a doctorate."
Llama-3.1-8B-Instruct,logiqa,45,"Which of the following, if true, best supports the idea of ​​gradually extending the retirement age?",Many people now find a second career after going through retirement procedures.,"Due to the implementation of the one-child policy for many years, China's aging problem will be more acute than many Western developed countries."
Llama-3.1-8B-Instruct,logiqa,46,"Which of the following, if true, would weaken the above argument most?",The online forum is a legal forum.,The number of Internet users has quadrupled in the past 5 years.
Llama-3.1-8B-Instruct,logiqa,47,Which of the following is most suitable as a corollary of the above discussion.,"China's ""Tianhe 2"" computing speed is clearly ahead of other supercomputers.",Only the United States and China can make supercomputers in the world.
Llama-3.1-8B-Instruct,logiqa,48,"Which of the following, if true, would best refute the arguments of the above supporters?","Even if the extinct animals can be resurrected in batches, the habitat suitable for their growth may have long since disappeared. If you can not give heavy organisms a suitable environment for survival, all efforts will be in vain.",The vast majority of these animals gradually disappeared in the course of human development. It was human activities that led to their extinction.
Llama-3.1-8B-Instruct,logiqa,49,Which of the following is most important for evaluating the above conclusion?,Test pregnant women and other women who have enough vitamins in their daily diet to determine whether they lack vitamins.,Test pregnant women and other women with insufficient vitamins in their daily diet and determine whether they are deficient in vitamins.
Llama-3.1-8B-Instruct,logiqa,50,Which of the following conclusions can be drawn from the above conclusions?,An education system that does not allow everyone to enjoy the right to compulsory education is unreasonable.,An education system that guarantees everyone to enjoy compulsory education is reasonable.
Llama-3.1-8B-Instruct,logiqa,51,Which of the following is most helpful in eliminating this inconsistency?,Severe investigations of drunk driving have occurred in urban traffic accidents.,"In addition to strict investigation of drunk driving, other traffic violations should also be stopped."
Llama-3.1-8B-Instruct,logiqa,52,The comments of Ukrainian observers are best used to refute which of the following?,"As long as the Ukrainian authorities recognize the special status of the two ""Republic"" territories and the Russian language, and pardon all militia armed participants and political prisoners, the conflict can be resolved.","If the conflict is to be resolved, the Ukrainian authorities must recognize the special status of the two ""Republic"" territories and the Russian language, and pardon all militia armed participants and political prisoners."
Llama-3.1-8B-Instruct,logiqa,53,Which of the following can most question the above view?,People's satisfaction with the pursuit of material life depends only on the level of economic development in the region.,The display of goods on the Internet cannot fully reflect the real situation.
Llama-3.1-8B-Instruct,logiqa,54,Which of the following can guarantee the correctness of the above statement?,"Unless it is a university teacher, it is impossible to have a doctorate from a prestigious school and have more than one year of research experience in an overseas research institution.","Unless they are PhDs and have more than one year of overseas research experience, they cannot become university teachers."
Llama-3.1-8B-Instruct,logiqa,55,"If you want to get the conclusion that the plane was hijacked by a terrorist organization, which of the following should be added?","There were no reports of missiles shooting down the passenger plane, and the passenger plane did not malfunction.",The passenger plane malfunctioned and no missiles shot down the passenger plane.
Llama-3.1-8B-Instruct,logiqa,56,Which of the following can best question the above research conclusions?,"Most young people who are more satisfied with their lives are born in wealthier families, and all have a good professional background.",Most of the young people who grew up in wealthier families have a negative attitude towards life.
Llama-3.1-8B-Instruct,logiqa,57,Which of the following is most similar to the above reasoning?,"All heroes can stand the test, so those who cannot stand the test are not heroes.","All the students who passed the bottom-up exam passed the review, so all the students who passed the review passed."
Llama-3.1-8B-Instruct,logiqa,58,Which of the following is most likely the hypothesis of the above argument?,"In the past five years, the amount of food purchased by each household in City W has not changed.","In the past five years, the living standards of families in City W have generally improved."
Llama-3.1-8B-Instruct,logiqa,59,Which of the following can best question the decision of the city government?,Private car owners in the city generally have two or more private cars.,"Mass transit is being developed in the city, which will help overcome congestion."
Llama-3.1-8B-Instruct,logiqa,60,Which of the following means exactly the same as the above assertion?,Undergraduates who do not have the qualifications recommended by their school cannot be exempted from going to Peking University to study for a master's degree.,Undergraduates who have obtained the qualifications recommended by their school may not necessarily be able to enter the university for a master's degree.
Llama-3.1-8B-Instruct,logiqa,61,Which of the following can weaken Lao Zhang ’s suggestion the most?,People can get essential minerals from other foods.,What the human body needs is not just minerals.
Llama-3.1-8B-Instruct,logiqa,62,Which of the following best refutes the above argument?,The sales volume only partially reflects the popularity of the book.,Those who purchase technology books are often highly educated.
Llama-3.1-8B-Instruct,logiqa,63,Which of the following raises the most serious question to the above conclusion?,The vast majority of health care costs are spent on high-tech intensive care for high-risk patients.,0% of the state's allocation to the health sector is for infrastructure construction.
Llama-3.1-8B-Instruct,logiqa,64,Which of the following may be correct?,Only Wang was hired by Tianxuan.,"Wang, Zhao and Liu were all hired by Tianji."
Llama-3.1-8B-Instruct,logiqa,65,Which of the following must be correct?,Tianshu hired at most two people.,Wang and Liu were hired by different units.
Llama-3.1-8B-Instruct,logiqa,66,"Which of the following is correct, you can determine the employer of each graduate?",Zhang was hired by Tianxuan.,Li was hired by Tianshu.
Llama-3.1-8B-Instruct,logiqa,67,"If Liu was hired by Tianxuan, which of the following must be wrong?",Zhang was hired by Tianxuan.,Tianxuan hired 3 people.
Llama-3.1-8B-Instruct,logiqa,68,"According to this statistic, which of the following must be true?",Any activity organized by a community will involve the elderly in the community.,Some activities organized by the community do not involve the elderly in the community.
Llama-3.1-8B-Instruct,logiqa,69,The decision of the academic conference organizing committee is most likely based on which of the following assumptions?,There is always a certain percentage of paper quality in every conference paper submitted.,The number of conference papers received each time in the future will not change significantly.
Llama-3.1-8B-Instruct,logiqa,70,Which of the following can best question the blogger ’s conclusion?,Most people who follow this blogger's article are their loyal fans.,"Although some people agree with his views, they do not agree with his analysis."
Llama-3.1-8B-Instruct,logiqa,71,Which of the following can most strongly support the views of the above jurists?,The negative misjudgment rate of each court is basically the same.,The accuracy of handling cases in various courts has improved significantly.
Llama-3.1-8B-Instruct,logiqa,72,Which of the following best supports the above argument?,"No matter in what society, scammers always exist.","The society has improved, and the scammers will no longer exist."
Llama-3.1-8B-Instruct,logiqa,73,"If only one sentence of the analyst ’s prediction is correct, who is the first?",Ding.,Can't push.
Llama-3.1-8B-Instruct,logiqa,74,Which of the following is most similar to the above argument?,"It is wrong to say that inferior gasoline will not cause abnormal fuel consumption. Because inferior gasoline can cause very normal aging of engine valves, and abnormal aging of motive valves can cause abnormal fuel consumption.","It is true that excessive fertilization is the main cause of lawn diseases and insect pests. Because excessive fertilization can cause the grass to grow madly, and the grass that grows madly has little resistance to diseases and insect pests."
Llama-3.1-8B-Instruct,logiqa,75,"If the above statement is true, which of the following cannot be true?","Royce failed to represent the German team in the Brazil World Cup due to injury, but he has an excellent performance in the Bundesliga club field, and has been favored by top giants such as Real Madrid and Barcelona in the transfer market.",Dortmund top scorer Lewandowski successfully transferred to Bayern Munich.
Llama-3.1-8B-Instruct,logiqa,76,Which of the following conclusions can be made based on the above discussion?,"Datian either does not have real talent, or lacks basic social skills, or fails to accurately locate in the career selection process.","Datian has real talent and basic social skills, but the positioning is not accurate."
Llama-3.1-8B-Instruct,logiqa,77,Which of the following can guarantee the correctness of the above statement?,All college teachers have a very high level.,All high-level teachers have overseas doctorate degrees.
Llama-3.1-8B-Instruct,logiqa,78,Which of the following is most similar to the question-making argument?,"Northerners are usually taller than southerners. Marin is the highest in the class, so he must be a northerner.","If people know how to make money, they can generally accumulate more wealth. Therefore, Mr. Peng's wealth comes from his resourcefulness."
Llama-3.1-8B-Instruct,logiqa,79,"Which of the following, if true, would most weaken the above arguments and suggestions?","Avoiding errors in vocabulary, grammar, and punctuation does not necessarily ensure the language quality of the manuscript.",Journalism courses have always emphasized and required students to be proficient in using computers and familiar with various software.
Llama-3.1-8B-Instruct,logiqa,80,Which of the following most appropriately summarizes the loopholes in the above argument?,Not taking into account the proportion of left-handers among all people.,Make an analogy between two types of objects that are not comparable.
Llama-3.1-8B-Instruct,logiqa,81,"Based on the above conclusions, which of the following conclusions is most likely to be drawn?",Petroleum is the energy source of some high-temperature furnaces for making cement.,Petroleum is one of the raw materials contained in cement.
Llama-3.1-8B-Instruct,logiqa,82,Which of the following most accurately summarizes the controversial focus of Ms. Zheng and Mr. Hu?,"A city's GDP growth rate is high, is the economic outlook necessarily good?",Is the GDP of Yiyang City greater than that of Hengyuan City?
Llama-3.1-8B-Instruct,logiqa,83,"Which of the following, if true, would most weaken the above argument?",Arterial health is not equal to physical health.,People who like to eat beef jerky often like to eat other foods that are harmful to arterial health.
Llama-3.1-8B-Instruct,logiqa,84,Which of the following most appropriately summarizes the loopholes in the conclusions of the Peace Foundation?,Ignored this possibility? the funding of the Peace Foundation enabled S Research to have all the ability to switch other funds to weapons research.,Ignore this possibility? weapons research does not necessarily endanger peace.
Llama-3.1-8B-Instruct,logiqa,85,"If the following items are true, they can weaken the above argument, except.",The violent and pornographic content published in Purgatory magazine is more moderate in similar magazines.,"Magazines that publish violent and pornographic content usually sell well, but have low credibility."
Llama-3.1-8B-Instruct,logiqa,86,"If the following item is true, can the argument be strengthened most?","Some clients who advertise in other family magazines and so on turn to ""Inferno"" magazine.","The cost and selling price of ""Inferno"" are lower than that of ""Harbour""."
Llama-3.1-8B-Instruct,logiqa,87,"Which of the following, if true, would most weaken the above conclusions of the government of Country H?",Last year's dry season in Country H saw unusually large and continuous rainfall.,The cost of rainforest protection in country H only accounts for a small percentage of annual fiscal expenditure.
Llama-3.1-8B-Instruct,logiqa,88,Which of the following is most likely assumed by the above argument?,Artists who have achieved great achievements cannot be unhappy.,People with intimate relationships have little time for loneliness.
Llama-3.1-8B-Instruct,logiqa,89,Which of the following most accurately summarizes the method Xiao Wang used to refute Xiao Chen's views?,pointed out that Xiao Chen's argument is clearly lacking in persuasion.,Point out that the key concepts used by Xiao Chen are ambiguous.
Llama-3.1-8B-Instruct,logiqa,90,How many guests did Mr. Chen come forward to invite?, guests.,No guest invited.
Llama-3.1-8B-Instruct,logiqa,91,The logic loophole in the above argument is most similar to the following one?,"Unchecked sex is more likely to be infected with AIDS than checkpoint. However, among people with unchecked sex, only a small percentage of people are infected with AIDS. Therefore, there is no need to emphasize the harm of unchecked sex in the propaganda of AIDS prevention.","The prevailing view is that smoking is more likely to cause lung cancer than not smoking. However, in some countries, the proportion of people with lung cancer who have a history of smoking is not higher than the proportion of the total population who have a history of smoking. Therefore, the above popular opinion is likely to be a prejudice."
Llama-3.1-8B-Instruct,logiqa,92,"The following assumptions can make the above inference hold, except.",Wang Wu's bonus is higher than Li Si's.,Li Si's bonus is as high as Wang Wu's.
Llama-3.1-8B-Instruct,logiqa,93,"Based on the above experiment, which of the following must be true?",No.1 is not Type B and No.2 is not Type A.,No.1 is type A and No.2 is type B.
Llama-3.1-8B-Instruct,logiqa,94,Which of the following most appropriately points out the loophole of the above argument?,Improperly equate the possibility of a car accident with the seriousness of the car owner ’s injury in the accident.,"Improper assumption? In any car accident, the airbag will automatically open."
Llama-3.1-8B-Instruct,logiqa,95,An analogy with which of the following inferences shows that the above inferences are not true?,"Some southerners are not Cantonese. Therefore, not all Cantonese are Southerners.","People in Hunan don't like chili. Therefore, some people who love chili are not Hunanese."
Llama-3.1-8B-Instruct,logiqa,96,"If the above determination is true, which of the following must be true?",There are more students with poor grades in the second grade than those with poor grades in the first grade.,There are more students with good grades in the second grade than those with good grades in the first grade.
Llama-3.1-8B-Instruct,logiqa,97,"Which of the following, if true, would most weaken the above argument?","Among the patients who died above, the average year of death of the second group was two years earlier than the first group.","Among the above living patients, the second group is more severely ill than the first group."
Llama-3.1-8B-Instruct,logiqa,98,Kobayashi is most likely to understand the rules of swimming as?,"If you have a deep water certificate, you can enter the deep pool.",Those who are allowed to enter the swimming pool may not be allowed to enter the deep pool.
Llama-3.1-8B-Instruct,logiqa,99,"Which of the following, if true, would most weaken the above argument?","Crocodiles only eat capelin, and capelin is also the main food for seals.",Seawater pollution causes more damage to crocodiles than seals.
Llama-3.1-8B-Instruct,math-qa,0,a shopkeeper sold an article offering a discount of 5 % and earned a profit of 31.1 % . what would have been the percentage of profit earned if no discount had been offered ?,38,27.675
Llama-3.1-8B-Instruct,math-qa,1,what will be the difference between simple and compound interest at 14 % per annum on a sum of rs . 1000 after 4 years ?,129,124
Llama-3.1-8B-Instruct,math-qa,2,"there are 28 stations between hyderabad and bangalore . how many second class tickets have to be printed , so that a passenger can travel from any station to any other station ?",870,380
Llama-3.1-8B-Instruct,math-qa,3,the present population of a town is 3888 . population increase rate is 20 % p . a . find the population of town before 2 years ?,2700,2100
Llama-3.1-8B-Instruct,math-qa,4,the triplicate ratio of 1 : 9 is ?,1 : 729,1 : 8
Llama-3.1-8B-Instruct,math-qa,5,the sum of all the integers s such that - 26 < s < 24 is,- 49,- 51
Llama-3.1-8B-Instruct,math-qa,6,"a full stationary oil tank that is a right circular cylinder has a radius of 100 feet and a height of 25 feet . oil is pumped from the stationary tank to an oil truck that has a tank that is a right circular cylinder until the truck ' s tank is completely filled . if the truck ' s tank has a radius of 6 feet and a height of 10 feet , how far ( in feet ) did the oil level drop in the stationary tank ?",0.036,0.36
Llama-3.1-8B-Instruct,math-qa,7,"each week a restaurant serving mexican food uses the same volume of chili paste , which comes in either 35 - ounce cans or 25 - ounce cans of chili paste . if the restaurant must order 20 more of the smaller cans than the larger cans to fulfill its weekly needs , then how manysmallercans are required to fulfill its weekly needs ?",70,60
Llama-3.1-8B-Instruct,math-qa,8,"if n is an integer and 101 n ^ 2 is less than or equal to 10000 , what is the greatest possible value of n ?",9,10
Llama-3.1-8B-Instruct,math-qa,9,"a constructor estimates that 10 people can paint mr khans house in 4 days . if he uses 5 people instead of 10 , how long will they take to complete the job ?",8,10
Llama-3.1-8B-Instruct,math-qa,10,the population of a town is 8000 . it decreases annually at the rate of 20 % p . a . what will be its population after 3 years ?,4096,5100
Llama-3.1-8B-Instruct,math-qa,11,the percentage profit earned by selling an article for rs . 1920 is equal to the percentage loss incurred by selling the same article for rs . 1280 . at what price should the article be sold to make 40 % profit ?,2240,2778
Llama-3.1-8B-Instruct,math-qa,12,"running at the same constant rate , 6 identical machines can produce a total of 360 bottles per minute . at this rate , how many bottles could 10 such machines produce in 4 minutes ?",2400,1800
Llama-3.1-8B-Instruct,math-qa,13,there are 1000 buildings in a street . a sign - maker is contracted to number the houses from 1 to 1000 . how many zeroes will he need ?,192,191
Llama-3.1-8B-Instruct,math-qa,14,"a man bought 20 shares of rs . 50 at 5 discount , the rate of dividend being 13 . the rate of interest obtained is :",15 %,87 %
Llama-3.1-8B-Instruct,math-qa,15,? % of 360 = 108,30,64
Llama-3.1-8B-Instruct,math-qa,16,a train 300 m long is running at a speed of 45 km / hr . in what time will it pass a bridge 150 m long ?,36,41
Llama-3.1-8B-Instruct,math-qa,17,what is the sum of all digits for the number 10 ^ 29 - 41 ?,257,242
Llama-3.1-8B-Instruct,math-qa,18,a train running at the speed of 120 km / hr crosses a pole in 18 seconds . what is the length of the train ?,600,570
Llama-3.1-8B-Instruct,math-qa,19,a train 100 meters long completely crosses a 300 meters long bridge in 45 seconds . what is the speed of the train is ?,32 kmph,76 kmph
Llama-3.1-8B-Instruct,math-qa,20,"each month a retailer sells 100 identical items . on each item he makes a profit of $ 40 that constitutes 10 % of the item ' s price to the retailer . if the retailer contemplates giving a 5 % discount on the items he sells , what is the least number of items he will have to sell each month to justify the policy of the discount ?",223,221
Llama-3.1-8B-Instruct,math-qa,21,"the average age of 15 students of a class is 14 years . out of these , the average age of 5 students is 14 years and that of the other 9 students is 16 years . tee age of the 15 th student is ?",4 years,5 years
Llama-3.1-8B-Instruct,math-qa,22,"bookman purchased 55 copies of a new book released recently , 10 of which are hardback and sold for $ 20 each , and rest are paperback and sold for $ 10 each . if 14 copies were sold and the total value of the remaining books was 460 , how many paperback copies were sold ?",9,13
Llama-3.1-8B-Instruct,math-qa,23,diana is painting statues . she has 1 / 2 of a gallon of paint remaining . each statue requires 1 / 16 gallon of paint . how many statues can she paint ?,8,20
Llama-3.1-8B-Instruct,math-qa,24,"if the price of gasoline increases by 25 % and a driver intends to spend only 20 % more on gasoline , by how much percent should the driver reduce the quantity of gasoline that he buys ?",4 %,3 %
Llama-3.1-8B-Instruct,math-qa,25,"an art gallery has only paintings and sculptures . currently , 1 / 3 of the pieces of art are displayed , and 1 / 6 of the pieces on display are sculptures . if 1 / 3 of the pieces not on display are paintings , and 1000 sculptures are not on display , how many pieces of art does the gallery have ?",2250,640
Llama-3.1-8B-Instruct,math-qa,26,"john and ingrid pay 30 % and 40 % tax annually , respectively . if john makes $ 60000 and ingrid makes $ 72000 , what is their combined tax rate ?",35.6 %,32 %
Llama-3.1-8B-Instruct,math-qa,27,the lenght of a room is 5.5 m and width is 4 m . find the cost of paving the floor by slabs at the rate of rs . 900 per sq . metre .,s . 19,s . 15
Llama-3.1-8B-Instruct,math-qa,28,"a factory that employs 1000 assembly line workers pays each of these workers $ 5 per hour for the first 40 hours worked during a week and 1 ½ times that rate for hours worked in excess of 40 . what was the total payroll for the assembly - line workers for a week in which 30 percent of them worked 15 hours , 50 percent worked 40 hours , and the rest worked 50 hours ?",$ 177,$ 190
Llama-3.1-8B-Instruct,math-qa,29,a corporation double its annual bonus to 100 of its employees . what percent of the employees ’ new bonus is the increase ?,50 %,8 %
Llama-3.1-8B-Instruct,math-qa,30,a and b together do a work in 20 days . b and c together in 15 days and c and a in 12 days . then b alone can finish same work in how many days ?,60,45
Llama-3.1-8B-Instruct,math-qa,31,"two trains of equal length , running with the speeds of 60 and 16 kmph , take 50 seconds to cross each other while they are running in the same direction . what time will they take to cross each other if they are running in opposite directions ?",13.15,22.22
Llama-3.1-8B-Instruct,math-qa,32,calculate the ratio between x and y if 30 % of x equal to 50 % of y ?,3 : 5,3 : 7
Llama-3.1-8B-Instruct,math-qa,33,"three walls have wallpaper covering a combined area of 300 square meters . by overlapping the wallpaper to cover a wall with an area of 180 square meters , the area that is covered by exactly two layers of wallpaper is 34 square meters . what is the area that is covered with three layers of wallpaper ?",43 square meters,42 square meters
Llama-3.1-8B-Instruct,math-qa,34,"a meeting has to be conducted with 6 managers . find the number of ways in which the managers may be selected from among 9 managers , if there are 2 managers who refuse to attend the meeting together .",49,40
Llama-3.1-8B-Instruct,math-qa,35,a trader bought a car at 20 % discount on its original price . he sold it at a 40 % increase on the price he bought it . what percent of profit did he make on the original price ?,12 %,19 %
Llama-3.1-8B-Instruct,math-qa,36,what is the unit digit in the product ( 3 ^ 65 x 6 ^ 59 x 7 ^ 71 ) ?,4,32
Llama-3.1-8B-Instruct,math-qa,37,"a start walking from a place at a uniform speed of 6 kmph in a particular direction . after half an hour , b starts from the same place and walks in the same direction as a at a uniform speed and overtakes a after 1 hour 48 minutes . find the speed of b .",6.6 kmph,7 kmph
Llama-3.1-8B-Instruct,math-qa,38,"oak street begins at pine street and runs directly east for 2 kilometers until it ends when it meets maple street . oak street is intersected every 400 meters by a perpendicular street , and each of those streets other than pine street and maple street is given a number beginning at 1 st street ( one block east of pine street ) and continuing consecutively ( 2 nd street , 3 rd street , etc . . . ) until the highest - numbered street one block west of maple street . what is the highest - numbered street that intersects oak street ?",4 th,8 th
Llama-3.1-8B-Instruct,math-qa,39,"50 percent of the members of a study group are women , and 30 percent of those women are lawyers . if one member of the study group is to be selected at random , what is the probability that the member selected is a woman lawyer ?",0.15,0.16
Llama-3.1-8B-Instruct,math-qa,40,"the cross - section of a cannel is a trapezium in shape . if the cannel is 14 m wide at the top and 8 m wide at the bottom and the area of cross - section is 550 sq m , the depth of cannel is ?",50,28
Llama-3.1-8B-Instruct,math-qa,41,kim finds a 4 - meter tree branch and marks it off in thirds and fifths . she then breaks the branch along all the markings and removes one piece of every distinct length . what fraction of the original branch remains ?,3 / 5,8 / 15
Llama-3.1-8B-Instruct,math-qa,42,"$ 350 is divided among a , b , and c so that a receives half as much as b , and b receives half as much as c . how much money is c ' s share ?",$ 250,$ 225
Llama-3.1-8B-Instruct,math-qa,43,"in an it company , there are a total of 90 employees including 50 programmers . the number of male employees is 80 , including 35 male programmers . how many employees must be selected to guaranty that we have 3 programmers of the same sex ?",45,55
Llama-3.1-8B-Instruct,math-qa,44,"the cost of one photocopy is $ 0.02 . however , a 25 % discount is offered on orders of more than 100 photocopies . if arthur and david have to make 80 copies each , how much will each of them save if they submit a single order of 160 copies ?",$ 0.40,$ 0.48
Llama-3.1-8B-Instruct,math-qa,45,( 3 x + 1 ) ( 2 x - 5 ) = ax ^ 2 + kx + n . what is the value of a - n + k ?,14,11
Llama-3.1-8B-Instruct,math-qa,46,"if 6 men and 8 women can do a piece of work in 10 days while 26 men and 48 women can do the same in 2 days , the time taken by 15 men and 20 women in doing the same type of work will be ?",4,5
Llama-3.1-8B-Instruct,math-qa,47,the maximum number of students among them 1345 pens and 775 pencils can be distributed in such a way that each student gets the same number of pens and same number of pencils is :,5,6
Llama-3.1-8B-Instruct,math-qa,48,"a sum of rs . 1360 has been divided among a , b and c such that a gets 2 / 3 of what b gets and b gets 1 / 4 of what c gets . b ' s share is :",rs . 240,rs . 160
Llama-3.1-8B-Instruct,math-qa,49,"how many cuboids of length 5 m , width 3 m and height 2 m can be farmed from a cuboid of 18 m length , 15 m width and 2 m height .",108,106
Llama-3.1-8B-Instruct,math-qa,50,two - third of a positive number and 16 / 216 of its reciprocal are equal . find the positive number .,4 / 12,4 / 17
Llama-3.1-8B-Instruct,math-qa,51,"find large number from below question the difference of two numbers is 1365 . on dividing the larger number by the smaller , we get 6 as quotient and the 15 as remainder",1635,1489
Llama-3.1-8B-Instruct,math-qa,52,the average of first three prime numbers greater than 5 is ?,10.3,12.6
Llama-3.1-8B-Instruct,math-qa,53,"in a recent election , james received 0.5 percent of the 2,000 votes cast . to win the election , a candidate needed to receive more than 50 percent of the vote . how many additional votes would james have needed to win the election ?",991,989
Llama-3.1-8B-Instruct,math-qa,54,"if 12 : 8 : : x : 16 , then find the value of x",24,18
Llama-3.1-8B-Instruct,math-qa,55,what least number must be subtracted from 3832 so that the remaining number is divisible by 5 ?,2,1
Llama-3.1-8B-Instruct,math-qa,56,find the length of the wire required to go 14 times round a square field containing 5625 m 2 .,4200,3388
Llama-3.1-8B-Instruct,math-qa,57,"how many bricks , each measuring 25 cm x 11.25 cm x 6 cm , will be needed to build a wall of 1 m x 2 m x 20 cm ?",237,6000
Llama-3.1-8B-Instruct,math-qa,58,"spanish language broadcast records last 90 min on each of two sides . if it takes 3 hours to translate one hour of broadcast , how long will it take to translate 16 full records ?",144 hours,164 hours
Llama-3.1-8B-Instruct,math-qa,59,a began business with rs . 45000 and was joined afterwards by b with rs . 5400 . when did b join if the profits at the end of the year were divided in the ratio of 2 : 1 ?,7,9
Llama-3.1-8B-Instruct,math-qa,60,"a can do a piece of work in 4 hours ; b and c together can do it in 3 hours , which a and c together can do it in 2 hours . how long will b alone take to do it ?",12 hours,74 hours
Llama-3.1-8B-Instruct,math-qa,61,how many seconds will a 650 meter long train moving with a speed of 63 km / hr take to cross a man walking with a speed of 3 km / hr in the direction of the train ?,39,18
Llama-3.1-8B-Instruct,math-qa,62,today is thursday . i came home from a trip 3 days before the day after last monday . how many days have i been home ?,6 days,2 days
Llama-3.1-8B-Instruct,math-qa,63,"an article is bought for rs . 675 and sold for rs . 1100 , find the gain percent ?",63 %,61 %
Llama-3.1-8B-Instruct,math-qa,64,"in one hour , a boat goes 19 km along the stream and 5 km against the stream . the speed of the boat in still water ( in km / hr ) is :",12,7
Llama-3.1-8B-Instruct,math-qa,65,"a salesperson received a commission of 3 percent of the sale price for each of the first 100 machines that she sold and 4 percent of the sale price for each machine that she sold after the first 100 . if the sale price of each machine was $ 10,000 and the salesperson received a $ 45,000 commission , how many machines did she sell ?",140,115
Llama-3.1-8B-Instruct,math-qa,66,solve the equation for x : 6 x - 27 + 3 x = 4 + 9 - x,4,5
Llama-3.1-8B-Instruct,math-qa,67,a profit of rs . 900 is divided between x and y in the ratio of 1 / 2 : 1 / 3 . what is the difference between their profit shares ?,s . 180,s . 90
Llama-3.1-8B-Instruct,math-qa,68,"a is two years older than b who is twice as old as c . if the total of the ages of a , b and c be 27 , the how old is b ?",10,8
Llama-3.1-8B-Instruct,math-qa,69,"calculate the share of y , if rs . 2880 is divided among x , y and z in the ratio 3 : 5 : 8 ?",540,520
Llama-3.1-8B-Instruct,math-qa,70,"3 years ago , paula was 3 times as old as karl . in 9 years , paula will be twice as old as karl . what is the sum of their ages now ?",54,58
Llama-3.1-8B-Instruct,math-qa,71,a train running at the speed of 50 km / hr crosses a post in 4 seconds . what is the length of the train ?,60,90
Llama-3.1-8B-Instruct,math-qa,72,"if soundharya rows 49 km upstream and 77 km down steam taking 7 hours each , then the speed of the stream",2 kmph,3 kmph
Llama-3.1-8B-Instruct,math-qa,73,the digital sum of a number is the sum of its digits . for how many of the positive integers 24 - 140 inclusive is the digital sum a multiple of 7 ?,15,7
Llama-3.1-8B-Instruct,math-qa,74,the ratio of 2 numbers is 2 : 5 and their h . c . f . is 6 . their l . c . m . is ?,60,36
Llama-3.1-8B-Instruct,math-qa,75,"20 beavers , working together in a constant pace , can build a dam in 6 hours . how many hours will it take 12 beavers that work at the same pace , to build the same dam ?",10 .,6
Llama-3.1-8B-Instruct,math-qa,76,"if a student loses 6 kilograms , he will weigh twice as much as his sister . together they now weigh 126 kilograms . what is the student ' s present weight in kilograms ?",86,88
Llama-3.1-8B-Instruct,math-qa,77,a person buys an article at rs . 575 . at what price should he sell the article so as to make a profit of 15 % ?,661.25,277
Llama-3.1-8B-Instruct,math-qa,78,"two consultants can type up a report in 12.5 hours and edit it in 7.5 hours . if mary needs 30 hours to type the report and jim needs 12 hours to edit it alone , how many t hours will it take if jim types the report and mary edits it immediately after he is done ?",41.4,13.4
Llama-3.1-8B-Instruct,math-qa,79,"an amount of rs . 1638 was divided among a , b and c , in the ratio 1 / 2 : 1 / 3 : 1 / 4 . find the share of a ?",756,456
Llama-3.1-8B-Instruct,math-qa,80,what least value should be replaced by * in 2551112 * so the number become divisible by 6,4,7
Llama-3.1-8B-Instruct,math-qa,81,what number is obtained by adding the units digits of 734 ^ 100 and 347 ^ 83 ?,9,11
Llama-3.1-8B-Instruct,math-qa,82,"in two triangles , the ratio of the areas is 4 : 3 and the ratio of their heights is 3 : 4 . find the ratio of their bases .",16 : 9',4 : 5'
Llama-3.1-8B-Instruct,math-qa,83,a trader sells 40 metres of cloth for rs . 8200 at a profit of rs . 15 per metre of cloth . how much profit will the trder earn on 40 metres of cloth ?,rs . 600,rs . 1200
Llama-3.1-8B-Instruct,math-qa,84,what is the probability of drawing a queen from a deck of 52 cards ?,1 / 13,2 / 13
Llama-3.1-8B-Instruct,math-qa,85,a thief goes away with a santro car at a speed of 50 kmph . the theft has been discovered after half an hour and the owner sets off in a bike at 60 kmph when will the owner over take the thief from the start ?,a ) 2,c ) 7
Llama-3.1-8B-Instruct,math-qa,86,the average weight of 18 boys in a class is 50.25 kg and that of the remaining 8 boys is 45.15 kg . find the average weights of all the boys in the class .,48.68077,50
Llama-3.1-8B-Instruct,math-qa,87,"how many words , with or without meaning , can be formed using all letters of the word good using each letter exactly once ?",24,23
Llama-3.1-8B-Instruct,math-qa,88,"in right triangle abc , ac is the hypotenuse . if ac is 40 and ab + bc = 60 , what is the area of the triangle abc ?",500,200 √ 2
Llama-3.1-8B-Instruct,math-qa,89,the ratio of the area of a square to that of the square drawn on its diagonal is,1 : 2,1 : 5
Llama-3.1-8B-Instruct,math-qa,90,a 4 digit number divisible by 7 becomes divisible by 3 when 19 is added to it . the largest such number is :,4487,4473
Llama-3.1-8B-Instruct,math-qa,91,what is the probability for a family with 3 children to have a girl and two boys ( assuming the probability of having a boy or a girl is equal ) ?,3 / 8,5 / 8
Llama-3.1-8B-Instruct,math-qa,92,"a manufacturer produces a certain men ' s athletic shoe in integer sizes from 8 to 17 . for this particular shoe , each unit increase in size corresponds to a 1 / 5 - inch increase in the length of the shoe . if the largest size of this shoe is 30 % longer than the smallest size , how long , in inches , is the shoe in size 15 ?",7.4,7.7
Llama-3.1-8B-Instruct,math-qa,93,if x + | x | + y = 7 and x + | y | - y = 5 what is x + y = ?,5,- 1
Llama-3.1-8B-Instruct,math-qa,94,a 240 m long train running at the speed of 120 km / hr crosses another train running in opposite direction at the speed of 80 km / hr in 9 sec . what is the length of the other train ?,260,250
Llama-3.1-8B-Instruct,math-qa,95,"34 . the side surface of a cylinder is rolled with a rectangular plate . if the perimeter of the circular base is 9 feet , and the diagonal of the rectangular plate was 15 ft . what is height of the of the cylinder ?",12',10'
Llama-3.1-8B-Instruct,math-qa,96,what quantity of water should be added to reduce 9 liters of 50 % acidic liquid to 30 % acidic liquid ?,6 liters,8 liters
Llama-3.1-8B-Instruct,math-qa,97,"a man gains 20 % by selling an article for a certain price . if the sells it at double the price , the percentage of profit will be :",178,140
Llama-3.1-8B-Instruct,math-qa,98,"the average weight of 20 persons sitting in a boat had some value . a new person added to them whose weight was 46 kg only . due to his arrival , the average weight of all the persons decreased by 5 kg . find the average weight of first 20 persons ?",59,56
Llama-3.1-8B-Instruct,math-qa,99,"a and b can together finish a work in 40 days . they worked together for 10 days and then b left . after another 18 days , a finished the remaining work . in how many days a alone can finish the job ?",24,20
Llama-3.1-8B-Instruct,biomix-qa,0,"Out of the given list, which Gene is associated with head and neck cancer and uveal melanoma.",CACNA2D1,TERT
Llama-3.1-8B-Instruct,biomix-qa,1,"Out of the given list, which Gene is associated with male breast cancer and urticaria.",RAD51B,ABO
Llama-3.1-8B-Instruct,biomix-qa,2,"Out of the given list, which Gene is associated with myeloproliferative neoplasm and interstitial lung disease.",TERT,UCK2
Llama-3.1-8B-Instruct,biomix-qa,3,"Out of the given list, which Gene is associated with myelodysplastic syndrome and psoriasis.",HLA-B,VAV3
Llama-3.1-8B-Instruct,biomix-qa,4,"Out of the given list, which Gene is associated with cervix carcinoma and autoimmune hepatitis.",HLA-DQA1,ERAP1
Llama-3.1-8B-Instruct,biomix-qa,5,"Out of the given list, which Gene is associated with autoimmune hepatitis and membranous glomerulonephritis.",HLA-DQA1,CFH
Llama-3.1-8B-Instruct,biomix-qa,6,"Out of the given list, which Gene is associated with interstitial lung disease and triple-receptor negative breast cancer.",TERT,PCDH15
Llama-3.1-8B-Instruct,biomix-qa,7,"Out of the given list, which Gene is associated with herpes zoster and psoriatic arthritis.",HLA-B,SULT1B1
Llama-3.1-8B-Instruct,biomix-qa,8,"Out of the given list, which Variant is associated with collagenous colitis and autoimmune hepatitis.",rs2187668,rs3787184
Llama-3.1-8B-Instruct,biomix-qa,9,"Out of the given list, which Gene is associated with myositis and Sjogren's syndrome.",STAT4,MORC4
Llama-3.1-8B-Instruct,biomix-qa,10,"Out of the given list, which Gene is associated with liver cirrhosis and uveal melanoma.",CACNA2D1,NTM
Llama-3.1-8B-Instruct,biomix-qa,11,"Out of the given list, which Gene is associated with membranous glomerulonephritis and cutaneous lupus erythematosus.",HLA-DQA1,EPDR1
Llama-3.1-8B-Instruct,biomix-qa,12,"Out of the given list, which Gene is associated with nephrotic syndrome and oral cavity cancer.",HLA-DQB1,AHR
Llama-3.1-8B-Instruct,biomix-qa,13,"Out of the given list, which Gene is associated with duodenal ulcer and atrophic gastritis.",PSCA,MST1
Llama-3.1-8B-Instruct,biomix-qa,14,"Out of the given list, which Gene is associated with cocaine dependence and androgenic alopecia.",SLC14A2,NEURL1
Llama-3.1-8B-Instruct,biomix-qa,15,"Out of the given list, which Gene is associated with autoimmune hepatitis and collagenous colitis.",HLA-DQA1,KALRN
Llama-3.1-8B-Instruct,biomix-qa,16,"Out of the given list, which Gene is associated with duodenal ulcer and gastric fundus cancer.",PSCA,BTC
Llama-3.1-8B-Instruct,biomix-qa,17,"Out of the given list, which Gene is associated with interstitial lung disease and idiopathic pulmonary fibrosis.",TERT,NANOS1
Llama-3.1-8B-Instruct,biomix-qa,18,"Out of the given list, which Gene is associated with rheumatoid arthritis and myositis.",PTPN22,C5AR1
Llama-3.1-8B-Instruct,biomix-qa,19,"Out of the given list, which Gene is associated with dengue hemorrhagic fever and intracranial aneurysm.",RP1,FADS1
Llama-3.1-8B-Instruct,biomix-qa,20,"Out of the given list, which Gene is associated with ulcerative colitis and ankylosing spondylitis.",IL23R,MYH7
Llama-3.1-8B-Instruct,biomix-qa,21,"Out of the given list, which Gene is associated with myelodysplastic syndrome and psoriatic arthritis.",HLA-B,BTNL2
Llama-3.1-8B-Instruct,biomix-qa,22,"Out of the given list, which Gene is associated with ankylosing spondylitis and inflammatory bowel disease.",IL23R,LPP
Llama-3.1-8B-Instruct,biomix-qa,23,"Out of the given list, which Gene is associated with duodenal ulcer and malaria.",ABO,HLA-DQA1
Llama-3.1-8B-Instruct,biomix-qa,24,"Out of the given list, which Gene is associated with diffuse large B-cell lymphoma and psoriasis.",HLA-B,CLPTM1L
Llama-3.1-8B-Instruct,biomix-qa,25,"Out of the given list, which Gene is associated with focal epilepsy and epilepsy.",SCN1A,CPS1
Llama-3.1-8B-Instruct,biomix-qa,26,"Out of the given list, which Gene is associated with lung small cell carcinoma and cervix carcinoma.",ADGRV1,TERT
Llama-3.1-8B-Instruct,biomix-qa,27,"Out of the given list, which Gene is associated with neuromyelitis optica and neurotic disorder.",TNXB,GATA3
Llama-3.1-8B-Instruct,biomix-qa,28,"Out of the given list, which Gene is associated with psoriasis and myelodysplastic syndrome.",HLA-B,PKNOX2
Llama-3.1-8B-Instruct,biomix-qa,29,"Out of the given list, which Gene is associated with mature B-cell neoplasm and cocaine dependence.",SLC14A2,TLR1
Llama-3.1-8B-Instruct,biomix-qa,30,"Out of the given list, which Gene is associated with neurotic disorder and neuromyelitis optica.",TNXB,UMPS
Llama-3.1-8B-Instruct,biomix-qa,31,"Out of the given list, which Gene is associated with differentiated thyroid gland carcinoma and hypothyroidism.",VAV3,ERAP1
Llama-3.1-8B-Instruct,biomix-qa,32,"Out of the given list, which Gene is associated with myelodysplastic syndrome and herpes zoster.",HLA-B,KALRN
Llama-3.1-8B-Instruct,biomix-qa,33,"Out of the given list, which Variant is associated with vitiligo and rheumatoid arthritis.",rs2476601,rs78378222
Llama-3.1-8B-Instruct,biomix-qa,34,"Out of the given list, which Gene is associated with central nervous system cancer and triple-receptor negative breast cancer.",TERT,KITLG
Llama-3.1-8B-Instruct,biomix-qa,35,"Out of the given list, which Gene is associated with systemic scleroderma and Sjogren's syndrome.",STAT4,KITLG
Llama-3.1-8B-Instruct,biomix-qa,36,"Out of the given list, which Gene is associated with autoimmune hepatitis and oropharynx cancer.",HLA-DQB1,TMEM71
Llama-3.1-8B-Instruct,biomix-qa,37,"Out of the given list, which Gene is associated with oropharynx cancer and rheumatic heart disease.",HLA-DQB1,CACNA1A
Llama-3.1-8B-Instruct,biomix-qa,38,"Out of the given list, which Variant is associated with cutaneous lupus erythematosus and autoimmune hepatitis.",rs2187668,rs10455872
Llama-3.1-8B-Instruct,biomix-qa,39,"Out of the given list, which Gene is associated with age related macular degeneration and Kuhnt-Junius degeneration.",CFH,HLA-DQA1
Llama-3.1-8B-Instruct,biomix-qa,40,"Out of the given list, which Gene is associated with androgenic alopecia and mature B-cell neoplasm.",SLC14A2,HLA-B
Llama-3.1-8B-Instruct,biomix-qa,41,"Out of the given list, which Variant is associated with aortic stenosis and large artery stroke.",rs10455872,rs1765871
Llama-3.1-8B-Instruct,biomix-qa,42,"Out of the given list, which Gene is associated with pancreatic carcinoma and malaria.",ABO,HLA-DQA1
Llama-3.1-8B-Instruct,biomix-qa,43,"Out of the given list, which Gene is associated with gastric fundus cancer and duodenal ulcer.",PSCA,CDKAL1
Llama-3.1-8B-Instruct,biomix-qa,44,"Out of the given list, which Gene is associated with estrogen-receptor negative breast cancer and squamous cell carcinoma.",BRCA2,MTTP
Llama-3.1-8B-Instruct,biomix-qa,45,"Out of the given list, which Gene is associated with allergic rhinitis and Takayasu's arteritis.",HLA-B,STN1
Llama-3.1-8B-Instruct,biomix-qa,46,"Out of the given list, which Gene is associated with triple-receptor negative breast cancer and interstitial lung disease.",TERT,ADGRG6
Llama-3.1-8B-Instruct,biomix-qa,47,"Out of the given list, which Gene is associated with estrogen-receptor negative breast cancer and triple-receptor negative breast cancer.",TERT,HBB
Llama-3.1-8B-Instruct,biomix-qa,48,"Out of the given list, which Gene is associated with myositis and systemic scleroderma.",STAT4,BTNL2
Llama-3.1-8B-Instruct,biomix-qa,49,"Out of the given list, which Gene is associated with ulcerative colitis and inflammatory bowel disease.",IL23R,SAMD9L
Llama-3.1-8B-Instruct,biomix-qa,50,"Out of the given list, which Gene is associated with collagenous colitis and membranous glomerulonephritis.",HLA-DQA1,PHACTR1
Llama-3.1-8B-Instruct,biomix-qa,51,"Out of the given list, which Gene is associated with thyroid gland papillary carcinoma and hypothyroidism.",VAV3,MYBPC3
Llama-3.1-8B-Instruct,biomix-qa,52,"Out of the given list, which Variant is associated with anti-neutrophil antibody associated vasculitis and autoimmune disease.",rs6679677,rs2487928
Llama-3.1-8B-Instruct,biomix-qa,53,"Out of the given list, which Gene is associated with immunoglobulin alpha deficiency and cutaneous lupus erythematosus.",HLA-DQA1,PLA2R1
Llama-3.1-8B-Instruct,biomix-qa,54,"Out of the given list, which Gene is associated with psoriatic arthritis and Takayasu's arteritis.",HLA-B,SLC2A9
Llama-3.1-8B-Instruct,biomix-qa,55,"Out of the given list, which Variant is associated with keratinocyte carcinoma""@e and autoimmune disease.",rs72928038,rs7523907
Llama-3.1-8B-Instruct,biomix-qa,56,"Out of the given list, which Variant is associated with age-related hearing impairment and keratinocyte carcinoma""@e.",rs1126809,rs229541
Llama-3.1-8B-Instruct,biomix-qa,57,"Out of the given list, which Gene is associated with periodontitis and primary angle-closure glaucoma.",EPDR1,TYR
Llama-3.1-8B-Instruct,biomix-qa,58,"Out of the given list, which Gene is associated with age related macular degeneration and kidney disease.",CFH,RAD51B
Llama-3.1-8B-Instruct,biomix-qa,59,"Out of the given list, which Variant is associated with duodenal ulcer and atrophic gastritis.",rs2294008,rs1975197
Llama-3.1-8B-Instruct,biomix-qa,60,"Out of the given list, which Variant is associated with skin sensitivity to sun and age-related hearing impairment.",rs1126809,rs1333047
Llama-3.1-8B-Instruct,biomix-qa,61,"Out of the given list, which Gene is associated with hypothyroidism and differentiated thyroid gland carcinoma.",VAV3,RELN
Llama-3.1-8B-Instruct,biomix-qa,62,"Out of the given list, which Gene is associated with membranous glomerulonephritis and autoimmune hepatitis.",HLA-DQA1,RORA
Llama-3.1-8B-Instruct,biomix-qa,63,"Out of the given list, which Gene is associated with psoriasis and diffuse large B-cell lymphoma.",HLA-B,PTPRD
Llama-3.1-8B-Instruct,biomix-qa,64,"Out of the given list, which Gene is associated with Sjogren's syndrome and systemic scleroderma.",STAT4,JAK2
Llama-3.1-8B-Instruct,biomix-qa,65,"Out of the given list, which Gene is associated with lung carcinoma and triple-receptor negative breast cancer.",TERT,MYBPC3
Llama-3.1-8B-Instruct,biomix-qa,66,"Out of the given list, which Variant is associated with Crohn's disease and ankylosing spondylitis.",rs11209026,rs10830962
Llama-3.1-8B-Instruct,biomix-qa,67,"Out of the given list, which Gene is associated with rheumatic heart disease and oral cavity cancer.",HLA-DQB1,IL23R
Llama-3.1-8B-Instruct,biomix-qa,68,"Out of the given list, which Gene is associated with allergic rhinitis and myelodysplastic syndrome.",HLA-B,TRAF3IP2
Llama-3.1-8B-Instruct,biomix-qa,69,"Out of the given list, which Gene is associated with lung carcinoma and interstitial lung disease.",TERT,ALDH1A2
Llama-3.1-8B-Instruct,biomix-qa,70,"Out of the given list, which Variant is associated with Kuhnt-Junius degeneration and age related macular degeneration.",rs10490924,rs4072037
Llama-3.1-8B-Instruct,biomix-qa,71,"Out of the given list, which Gene is associated with autoimmune hepatitis and oral cavity cancer.",HLA-DQB1,HLF
Llama-3.1-8B-Instruct,biomix-qa,72,"Out of the given list, which Gene is associated with pancreatic carcinoma and oral cavity cancer.",CLPTM1L,GCKR
Llama-3.1-8B-Instruct,biomix-qa,73,"Out of the given list, which Variant is associated with rheumatoid arthritis and vitiligo.",rs2476601,rs7176508
Llama-3.1-8B-Instruct,biomix-qa,74,"Out of the given list, which Variant is associated with central nervous system cancer and lung adenocarcinoma.",rs2736100,rs2107595
Llama-3.1-8B-Instruct,biomix-qa,75,"Out of the given list, which Gene is associated with cervix carcinoma and membranous glomerulonephritis.",HLA-DQA1,DTNB
Llama-3.1-8B-Instruct,biomix-qa,76,"Out of the given list, which Gene is associated with Hodgkin's lymphoma and Hodgkin's lymphoma, nodular sclerosis.",GATA3,XBP1
Llama-3.1-8B-Instruct,biomix-qa,77,"Out of the given list, which Gene is associated with idiopathic pulmonary fibrosis and lung carcinoma.",TERT,CHST11
Llama-3.1-8B-Instruct,biomix-qa,78,"Out of the given list, which Gene is associated with lung carcinoma and central nervous system cancer.",TERT,C9
Llama-3.1-8B-Instruct,biomix-qa,79,"Out of the given list, which Gene is associated with allergic rhinitis and psoriasis.",HLA-B,ADH1B
Llama-3.1-8B-Instruct,biomix-qa,80,"Out of the given list, which Gene is associated with Barrett's esophagus and esophagus adenocarcinoma.",CRTC1,HLA-B
Llama-3.1-8B-Instruct,biomix-qa,81,"Out of the given list, which Variant is associated with atrophic gastritis and gastric fundus cancer.",rs2294008,rs35705950
Llama-3.1-8B-Instruct,biomix-qa,82,"Out of the given list, which Gene is associated with Hodgkin's lymphoma, nodular sclerosis and Hodgkin's lymphoma.",GATA3,CFH
Llama-3.1-8B-Instruct,biomix-qa,83,"Out of the given list, which Gene is associated with estrogen-receptor negative breast cancer and myeloproliferative neoplasm.",TERT,BRCA2
Llama-3.1-8B-Instruct,biomix-qa,84,"Out of the given list, which Gene is associated with lung adenocarcinoma and central nervous system cancer.",TERT,POU5F1B
Llama-3.1-8B-Instruct,biomix-qa,85,"Out of the given list, which Variant is associated with triple-receptor negative breast cancer and uterine fibroid.",rs78378222,rs8176719
Llama-3.1-8B-Instruct,biomix-qa,86,"Out of the given list, which Variant is associated with male breast cancer and breast carcinoma.",rs3803662,rs34574566
Llama-3.1-8B-Instruct,biomix-qa,87,"Out of the given list, which Variant is associated with Kawasaki disease and inflammatory bowel disease.",rs1801274,rs3757318
Llama-3.1-8B-Instruct,biomix-qa,88,"Out of the given list, which Gene is associated with central nervous system cancer and lung carcinoma.",TERT,STAT4
Llama-3.1-8B-Instruct,biomix-qa,89,"Out of the given list, which Gene is associated with cervix carcinoma and immunoglobulin alpha deficiency.",HLA-DQA1,PRKN
Llama-3.1-8B-Instruct,biomix-qa,90,"Out of the given list, which Gene is associated with interstitial lung disease and central nervous system cancer.",TERT,HLA-DQA1
Llama-3.1-8B-Instruct,biomix-qa,91,"Out of the given list, which Gene is associated with estrogen-receptor negative breast cancer and central nervous system cancer.",TERT,TNFSF15
Llama-3.1-8B-Instruct,biomix-qa,92,"Out of the given list, which Gene is associated with duodenal ulcer and pancreatic carcinoma.",ABO,STAT6
Llama-3.1-8B-Instruct,biomix-qa,93,"Out of the given list, which Gene is associated with oropharynx cancer and autoimmune hepatitis.",HLA-DQB1,TNXB
Llama-3.1-8B-Instruct,biomix-qa,94,"Out of the given list, which Gene is associated with membranous glomerulonephritis and cervix carcinoma.",HLA-DQA1,KALRN
Llama-3.1-8B-Instruct,biomix-qa,95,"Out of the given list, which Gene is associated with myeloproliferative neoplasm and idiopathic pulmonary fibrosis.",TERT,DLEU7
Llama-3.1-8B-Instruct,biomix-qa,96,"Out of the given list, which Gene is associated with Takayasu's arteritis and psoriatic arthritis.",HLA-B,HLA-B
Llama-3.1-8B-Instruct,biomix-qa,97,"Out of the given list, which Variant is associated with autoimmune disease and anti-neutrophil antibody associated vasculitis.",rs6679677,rs2963222
Llama-3.1-8B-Instruct,biomix-qa,98,"Out of the given list, which Gene is associated with diffuse large B-cell lymphoma and myelodysplastic syndrome.",HLA-B,TERT
Llama-3.1-8B-Instruct,biomix-qa,99,"Out of the given list, which Gene is associated with oral cavity cancer and rheumatic heart disease.",HLA-DQB1,ITPA
Llama-3.1-8B-Instruct,sciq,0,"Compounds that are capable of accepting electrons, such as o 2 or f2, are called what?",oxidants,antioxidants
Llama-3.1-8B-Instruct,sciq,1,What term in biotechnology means a genetically exact copy of an organism?,clone,phenotype
Llama-3.1-8B-Instruct,sciq,2,Vertebrata are characterized by the presence of what?,backbone,Bones
Llama-3.1-8B-Instruct,sciq,3,What is the height above or below sea level called?,elevation,variation
Llama-3.1-8B-Instruct,sciq,4,"Ice cores, varves and what else indicate the environmental conditions at the time of their creation?",tree rings,fossils
Llama-3.1-8B-Instruct,sciq,5,What chemical signals in plants control different processes?,plant hormones,Human Hormones
Llama-3.1-8B-Instruct,sciq,6,"Meiosis is part of the process of gametogenesis, which is the production of what?",sperm and eggs,egg only
Llama-3.1-8B-Instruct,sciq,7,Which type of tree is dominant in temperate forests?,deciduous,fungus
Llama-3.1-8B-Instruct,sciq,8,What kind of viscosity is found in long-chain hydrocarbons?,highly viscous,intense viscosity
Llama-3.1-8B-Instruct,sciq,9,Ionic compounds have strong electrostatic attractions between oppositely charged ions in this?,regular array,normal array
Llama-3.1-8B-Instruct,sciq,10,About how tall can mid-ocean ridges be?,about 2 km,about 2 feet
Llama-3.1-8B-Instruct,sciq,11,What are by far the most common type of invertebrate?,insects,crustaceans
Llama-3.1-8B-Instruct,sciq,12,What do waves deposit to form sandbars and barrier islands?,sediments,organisms
Llama-3.1-8B-Instruct,sciq,13,"Penis, testes, and epididymis are organs in what system?",male reproductive system,female reproductive system​
Llama-3.1-8B-Instruct,sciq,14,"Only about one percent of plants have lost what ability, turning them into consumers and even predators, instead of producers?",photosynthesis,rooting
Llama-3.1-8B-Instruct,sciq,15,How does a neon light produce visible light?,electroluminescence,luminescence
Llama-3.1-8B-Instruct,sciq,16,The bird ancestor that lived in trees developed what feature commonly associated with birds?,wings,webbed feet
Llama-3.1-8B-Instruct,sciq,17,What do most living things use to make atp from glucose?,oxygen,enzymes
Llama-3.1-8B-Instruct,sciq,18,What are the two most common silicates?,feldspar and quartz,Micas	 and feldspar
Llama-3.1-8B-Instruct,sciq,19,What term means the amount of water vapor in the air?,humidity,pressure
Llama-3.1-8B-Instruct,sciq,20,Paracrine signals move by what method through the extracellular matrix?,diffusion,osmosis
Llama-3.1-8B-Instruct,sciq,21,"Presence of a cell wall, large central vacuole, and organelles called plastids distinguish what type of cell?",plant,animal
Llama-3.1-8B-Instruct,sciq,22,What happens when mammals raise their hair with tiny muscles in the skin?,goosebumps,balding
Llama-3.1-8B-Instruct,sciq,23,What are people with osteoporosis at increased risk of?,bone fractures,growth spurt
Llama-3.1-8B-Instruct,sciq,24,Where is energy stored in a chemical substance?,between atoms,inside atoms
Llama-3.1-8B-Instruct,sciq,25,"By the year 2050, 25 percent of the population of the united states will be 60 years of age or older. the cdc estimates that 80 percent of those 60 years and older have one or more chronic disease associated with deficiencies of this?",immune system,respiratory system
Llama-3.1-8B-Instruct,sciq,26,"Upon death of an organism, during composition, what returns to the soil as ammonium ions?",nitrogen,calcium
Llama-3.1-8B-Instruct,sciq,27,Most insects reproduce quickly and through what type of reproduction?,sexual reproduction,asexual reproduction
Llama-3.1-8B-Instruct,sciq,28,Digestion of proteins begins with acids in what organ?,stomach,brain
Llama-3.1-8B-Instruct,sciq,29,"Many species of rotifers exhibit haplodiploidy, which is a method of what?",gender determination,respiration
Llama-3.1-8B-Instruct,sciq,30,What is the most abundant metal of the earth's crust?,aluminum,calcium
Llama-3.1-8B-Instruct,sciq,31,What is the term for the total kinetic energy of moving particles of matter?,thermal energy,Newton's energy
Llama-3.1-8B-Instruct,sciq,32,What part of the eye allows light to enter?,pupil,iris
Llama-3.1-8B-Instruct,sciq,33,"The body cannot sustain for very long the bursts of energy mediated by epinephrine and norepinephrine, hormones associated with what stress response?",fight-or-flight,fainting
Llama-3.1-8B-Instruct,sciq,34,"What system enters the brain stem and influences activity in the cerebellum, spinal cord, and cerebral cortex?",vestibular system,lipids system
Llama-3.1-8B-Instruct,sciq,35,In what type of animals may a body cavity be present or absent?,triploblastic,vertebrate
Llama-3.1-8B-Instruct,sciq,36,Chemical reactions involve a transfer of heat energy. measured in what?,joules,thermals
Llama-3.1-8B-Instruct,sciq,37,Trees and shrubs are example of what type of plant?,perennials,biennial
Llama-3.1-8B-Instruct,sciq,38,"The products of what process are needed for cellular respiration, and vice versa?",photosynthesis,spermatogenesis
Llama-3.1-8B-Instruct,sciq,39,Most fungi get organic compounds from what?,dead organisms,inorganic material
Llama-3.1-8B-Instruct,sciq,40,How do very massive stars end their lives?,become red supergiants,become super novas
Llama-3.1-8B-Instruct,sciq,41,Pairs of nitrogenous bases are attached to each other by?,hydrogen bonds,magnetism
Llama-3.1-8B-Instruct,sciq,42,Rupture can cause fragments of what to travel via the bloodstream and become lodged in other arteries?,plaque,red blood cells
Llama-3.1-8B-Instruct,sciq,43,The strength of a base depends on the concentration of _______ it produces when dissolved in water?,hydroxide ions,monoxide ions
Llama-3.1-8B-Instruct,sciq,44,The overall voltage of the battery is therefore the sum of ________ of the individual cells.,voltages,currents
Llama-3.1-8B-Instruct,sciq,45,Organisms that live deep in the ocean must be able to withstand what?,extreme water pressure,tsunamis
Llama-3.1-8B-Instruct,sciq,46,Which system are the brain and spinal cord apart of?,central nervous system,limbic system
Llama-3.1-8B-Instruct,sciq,47,What are biochemical catalysts that speed up biochemical reactions?,enzymes,polymers
Llama-3.1-8B-Instruct,sciq,48,What process can cause harmful alleles to become fixed?,genetic drift,natural selection
Llama-3.1-8B-Instruct,sciq,49,What record shows that dinosaurs originated 200-250 million years ago?,fossil record,biological record
Llama-3.1-8B-Instruct,sciq,50,"What instrument is used to make very sensitive mass measurements in a laboratory, usually in grams?",analytical balance,speedometer
Llama-3.1-8B-Instruct,sciq,51,What is the purpose of bright colors on a flower's petals?,to attract pollinators,to absorb light
Llama-3.1-8B-Instruct,sciq,52,Collateral ganglia controls organs in which cavity in the body?,abdominal,cardiac
Llama-3.1-8B-Instruct,sciq,53,A bee will sometimes do a dance to tell other bees in the hive where to find what?,food,honey
Llama-3.1-8B-Instruct,sciq,54,"The lens focuses light on the retina , which covers the back of the inside of the eye. the retina has light-sensing photoreceptor cells called?",rods and cones,tubes and rods
Llama-3.1-8B-Instruct,sciq,55,"Temperature, water, soil, and air are examples of nonliving factors of an ecosystem, also termed what?",abiotic factors,conditional factors
Llama-3.1-8B-Instruct,sciq,56,Ibuprofen and albuterol are examples of drugs whose _________ have different effects.,enantiomers,nanoparticles
Llama-3.1-8B-Instruct,sciq,57,"Although magma once filled our moon's craters, what is thought to have ended there over a billion years ago?",volcanic activity,mineral activity
Llama-3.1-8B-Instruct,sciq,58,Sensory nerves carry nerve impulses from sensory receptors to what system?,central nervous,IRCULATORY SYSTEM
Llama-3.1-8B-Instruct,sciq,59,Which kind of muscle regulates air flow in lungs?,smooth,striated
Llama-3.1-8B-Instruct,sciq,60,What type of bonds are formed by the side-to-side overlap of p orbitals?,pi bonds,omega bonds
Llama-3.1-8B-Instruct,sciq,61,On what day of the cycle does ovulation usually occur?,14th,1st
Llama-3.1-8B-Instruct,sciq,62,"The majority of animals belong to what category, characterized by the lack of a backbone?",invertebrate,vertebrate
Llama-3.1-8B-Instruct,sciq,63,What is another name for the vertebral column?,backbone,nerve column
Llama-3.1-8B-Instruct,sciq,64,The temperature at which a substance melts is called its what point?,melting,change
Llama-3.1-8B-Instruct,sciq,65,"Oogenesis, which is gametogenesis in females, begins with what type of ste cells?",ovarian,digestive
Llama-3.1-8B-Instruct,sciq,66,Humans are among the most versatile of mammals with what type of diet?,omnivore,vegetarian
Llama-3.1-8B-Instruct,sciq,67,Solute potential is also called osmotic potential because solutes affect the direction of what?,osmosis,permeability
Llama-3.1-8B-Instruct,sciq,68,"Newton’s second law of what is more than a definition; it is a relationship among acceleration, force, and mass?",motion,gravity
Llama-3.1-8B-Instruct,sciq,69,What is the physical transformation of an insect moving through stages of life?,metamorphosis,Transition
Llama-3.1-8B-Instruct,sciq,70,"When equal amounts of a strong acid such as hydrochloric acid are mixed with a strong base such as sodium hydroxide, the result is what kind of solution?",a neutral one,a economical one
Llama-3.1-8B-Instruct,sciq,71,What are fast moving rivers of air that are going in opposite directions called?,jet streams,air streams
Llama-3.1-8B-Instruct,sciq,72,"Nephrons, renal tubules and the loop of henle are part of the process of blood filtration by what organs?",kidneys,liver
Llama-3.1-8B-Instruct,sciq,73,"Fungi, such as black bread mold (rhizopus nigricans), have haploid-dominant what?",life cycles,gene pools
Llama-3.1-8B-Instruct,sciq,74,The electrode at which oxidation occurs is called?,the anode,cathode
Llama-3.1-8B-Instruct,sciq,75,There are about 6200 known species of what?,amphibians,reptiles
Llama-3.1-8B-Instruct,sciq,76,The lens and other parts of the eye work together to focus a real image on what eye structure?,retina,iris
Llama-3.1-8B-Instruct,sciq,77,What is required to move or change matter from one state to another?,energy,gravity
Llama-3.1-8B-Instruct,sciq,78,A food web can be broken up into what further subdivision that usually has a few links in it?,food chain,water chain
Llama-3.1-8B-Instruct,sciq,79,What living species of bird is considered the  largest of the raptors?,golden eagles,peregrine falcon
Llama-3.1-8B-Instruct,sciq,80,What contains positive protons and neutral neutrons?,nucleus,ions
Llama-3.1-8B-Instruct,sciq,81,"Horny ridges on the jaws serve the same function as what, for turtles?",teeth,hairs
Llama-3.1-8B-Instruct,sciq,82,Natural gas is the predominately made up of?,methane,carbon
Llama-3.1-8B-Instruct,sciq,83,"Which  organs control the amount of water, ions, and other substances in the blood by excreting more or less of them in urine?",kidneys,tongue
Llama-3.1-8B-Instruct,sciq,84,What unit of measurement is defined to be the number of atoms in 12g of carbon-12?,one mole,one quark
Llama-3.1-8B-Instruct,sciq,85,What involves sensing and focusing light from people and objects?,vision,projection
Llama-3.1-8B-Instruct,sciq,86,"What is a therian mammal in which the embryo is born at an early, immature stage?",a marsupial,bat
Llama-3.1-8B-Instruct,sciq,87,What are fungi which feed on living cells called?,parasitic,predatory
Llama-3.1-8B-Instruct,sciq,88,What rock group offers the richest source of fossils?,sedimentary,igneous
Llama-3.1-8B-Instruct,sciq,89,What is the diffusion of water through a semipermeable membrane down its concentration gradient,osmosis,nutrients
Llama-3.1-8B-Instruct,sciq,90,Isotopes are named for their number of protons plus what?,neutrons,nuclei
Llama-3.1-8B-Instruct,sciq,91,Movements in the mantle cause the plates to move over time in a process called what?,continental drift,boundary drift
Llama-3.1-8B-Instruct,sciq,92,"In phyisics, what is considered to be the rotational version of force?",torque,pressure
Llama-3.1-8B-Instruct,sciq,93,Skeletal muscles are attached to the skeleton by tough connective tissues called what?,tendons,fibers
Llama-3.1-8B-Instruct,sciq,94,What is the ability to see called?,vision,smell
Llama-3.1-8B-Instruct,sciq,95,Which two major innovations allowed seed plants to reproduce in the absence of water?,seed and pollen,bee and pollen
Llama-3.1-8B-Instruct,sciq,96,Water can be broken down into hydrogen and oxygen gases by the addition of what?,energy,demand
Llama-3.1-8B-Instruct,sciq,97,What anatomical feature is shared by all chordates?,notochord,laxchord
Llama-3.1-8B-Instruct,sciq,98,"With wavelengths from 400-700 nm, what kind of light represents only a very small portion of the spectrum?",visible light,ultraviolet light
Llama-3.1-8B-Instruct,sciq,99,"In humans, the only haploid cells are what reproductive cells?",sperm and egg,dna and egg
Qwen2.5-7B-Instruct,logiqa,0,"Based on the above statement, which of the following can be derived?",Civic Park is north of the administrative service area.,The leisure area is southwest of the cultural area.
Qwen2.5-7B-Instruct,logiqa,1,So what are the three young people on business?,"0-year-old accountant, 20-year-old salesperson, 24-year-old salesperson.","4-year-old accountant, 20-year-old salesperson, 20-year-old salesperson."
Qwen2.5-7B-Instruct,logiqa,2,"According to the above statement, which of the following can be drawn about this Chinese medicine preparation?",o Shouwu.,o dangshen.
Qwen2.5-7B-Instruct,logiqa,3,Which of the following can best strengthen the above argument.,"If you do not participate in the English tutoring class, you cannot pass the graduate entrance exam.","Even if you take an English tutoring class, you may not be able to pass the graduate entrance exam."
Qwen2.5-7B-Instruct,logiqa,4,"According to the above statement, it can be concluded that who is not in the fourth?",Ding.,A.
Qwen2.5-7B-Instruct,logiqa,5,"According to the above statement, you can get which of the following?",hang Ming speaks Minnan dialect.,ang Jia can speak Huizhou dialect.
Qwen2.5-7B-Instruct,logiqa,6,Which of the following is true will most weaken the above argument.,Some of the newly built houses in Hexi Village are not small property houses.,This newly built house in Hexi Village is built on rural collective land.
Qwen2.5-7B-Instruct,logiqa,7,"The result of the match showed that only one argument was correct, so who won the championship?",hanbei.,iangbei.
Qwen2.5-7B-Instruct,logiqa,8,Which of the following is the conclusion must be assumed.,"To achieve urbanization, the city must fully absorb the rural population.",Urbanization is the only way for China's development.
Qwen2.5-7B-Instruct,logiqa,9,Which of the following is assumed by the above argument.,"The brain cannot process too much information in detail at the same time, and will only selectively focus on the things most relevant to the behavior.",Researchers have developed a new technology that can directly track the communication between the nerve cortex in the visual cortex and thalamus occipital region.
Qwen2.5-7B-Instruct,logiqa,10,Which of the following is true is the best argument against the above argument.,"Although the turnover has increased by 23%, the volume of Chinese buyers has not increased this year.",There are groups of real estate speculators among the wealthy Chinese who have speculated in Beijing and Shanghai.
Qwen2.5-7B-Instruct,logiqa,11,Which of the following can best question the above view?,"The microwave only heats the water molecules in the food, the food does not change chemically.",China's microwave oven production standards are consistent with international standards and EU standards.
Qwen2.5-7B-Instruct,logiqa,12,"Which one, if true, most doubts the views of the above media.","Many of the cadres counted in the past 20 years are enterprise cadres, which used to include only government officials.",Some of the workers ’children in the statistics may be former farmers’ children.
Qwen2.5-7B-Instruct,logiqa,13,"If it is true, can it most support the opinions of the above experts?","After taking lotus leaf products, a layer of fat isolation film is formed on the human intestinal wall, which can effectively prevent the absorption of fat;.","Lotus leaf tea becomes a liquid food after soaking in water, and is quickly absorbed in the stomach for a short time, with higher concentration and greater irritation."
Qwen2.5-7B-Instruct,logiqa,14,"Which of the following, if true, most doubts the opinions of the above experts?","Some experts analyzed the fossil's long axis, crown shape, crown lip and tongue surface protrusion and enamel, etc. , that this fossil is not a human incisor fossil, but a deer tooth fossil;.","Some experts used the uranium method to date the calcium plates of each layer of Zhangkou Cave, and proved that the earliest deposits of the fossil tooth were formed 300,000 years ago;."
Qwen2.5-7B-Instruct,logiqa,15,"Based on the above statement, which of the following can be derived?",Ding is a female doctor.,Geng is not a male doctor;.
Qwen2.5-7B-Instruct,logiqa,16,"Based on the above information, regarding the order of the five stations from west to east, which of the following is possible?","Haoyun Station, Yinling Station, Jiushang Station, Fuyi Station, Hu Yao Station;.","Yinling Station, Haoyun Station, Jiushang Station, Fuyi Station, Hu Yao Station;."
Qwen2.5-7B-Instruct,logiqa,17,"If Jiushang Station is adjacent to Haoyun Station and east of Haoyun Station, it can be concluded that?",Hu Yao is standing on the east side;.,Yinling is standing on the east side;.
Qwen2.5-7B-Instruct,logiqa,18,"If Hao Yun stands to the east of Jiushang Station, you can get?",Haoyun Station is adjacent to Fuyi Station and west of Fuyi Station;.,Yinling Station is adjacent to Haoyun Station and west of Haoyun Station;.
Qwen2.5-7B-Instruct,logiqa,19,"If Haoyun Station is adjacent to Yinling Station, you can get?",Jiu Shang standing west of Fuyi Station.,Fuyi standing west of Jiushang Station.
Qwen2.5-7B-Instruct,logiqa,20,"Which of the following, if true, can best refute the above argument?","Although the lifespan of the Leeds fish and the whale shark differ greatly, they all reach adulthood around the age of 20, and their body shape is basically fixed.",There is no obvious change in the growth cycle of Jurassic fish and modern fish.
Qwen2.5-7B-Instruct,logiqa,21,"Which of the following, if true, will best support the above argument?","The raw materials of these canoes cannot be transported from the distant Yunnan virgin forest, they can only be obtained locally.",The canoe hull is pointed at both ends and is chiseled from a complete log for better preservation.
Qwen2.5-7B-Instruct,logiqa,22,"Which of the following, if true, best supports the above researchers ’views?","Before the experiment, the mathematics scores of the two groups of students were almost the same.","After a slight electric shock to the brain, the blood flow between the neurons in the brain is significantly enhanced, but it returns to normal after multiple stimulations."
Qwen2.5-7B-Instruct,logiqa,23,"Regarding the overall average price of residential housing in the above three cities, which of the following judgments is wrong?",The overall average price of residential housing in A City is the lowest.,The overall average price of residential housing in A City is the highest.
Qwen2.5-7B-Instruct,logiqa,24,Which of the following is most appropriate as a corollary of the above discussion?,"""Y chromosome Adam"" and ""mitochondrial Eve"" were formed in the same period, and ""age"" is close, ""Y chromosome Adam"" may be earlier.","5 years ago, there was only one man ""Adam"" on earth."
Qwen2.5-7B-Instruct,logiqa,25,"Which of the following, if true, would best support the above argument?","During the Carboniferous period, the concentration of oxygen in the earth ’s atmosphere was as high as 35%, much higher than the current 21%. At that time, there were many giant insects on the earth, and the wingspan of the dragonfly was close to one meter.","Under the environment with high oxygen content and high air pressure, the tested fruit flies lived to the fifth generation and their body size increased by 20%."
Qwen2.5-7B-Instruct,logiqa,26,Which of the following must be selected?,Ren Xiangyang.,Guo Yanran.
Qwen2.5-7B-Instruct,logiqa,27,"If Guo Yanran is selected, which of the following must also be selected?",Qiu Zhijie.,He Zhilian.
Qwen2.5-7B-Instruct,logiqa,28,"If He Zhilian is not selected, which of the following is not selected?",Tang Xiaohua.,Qiu Zhijie.
Qwen2.5-7B-Instruct,logiqa,29,"If Tang Xiaohua is selected, which two of the following must be selected?",Fang Rufen and He Zhilian.,Fang Rufen and Guo Yanran.
Qwen2.5-7B-Instruct,logiqa,30,"Which of the following, if true, best supports the above-mentioned scientists ’speculation?","Animals dominated by nocturnal activities, generally have larger eyes.",The short and wide hind bone makes this primate good at jumping and preying in the bushes.
Qwen2.5-7B-Instruct,logiqa,31,"Which of the following, if true, would best refute the views of ordinary people?","Gene screening is mainly to avoid reproductive defects, this technology brings opportunities for human eugenics and eugenics; as for ""customized babies"", the concept of cloning is more involved, the two should not be confused.","""Customized babies"" have not been tried globally, this concept also challenges the most controversial human reproductive ethics."
Qwen2.5-7B-Instruct,logiqa,32,Which of the following is true to best refute the above speculation?,There is a huge difference between the process of developing from protein to organic life and the process from organic molecules to protein.,"Some interstellar molecules are not found in the Earth ’s environment, and they are still not available in the laboratory."
Qwen2.5-7B-Instruct,logiqa,33,"Which of the following, if true, can best refute the views of the above scientists?","Eight Homo sapiens teeth 400,000 years ago were discovered in the Qesem cave 12 km east of Tel Aviv, Israel.","Modern Homo sapiens, living in the late Paleolithic period, about 40,000 to 10,000 years ago. There are hundreds of places where late Homo sapiens fossils or cultural sites have been found in our country."
Qwen2.5-7B-Instruct,logiqa,34,"Which of the following, if true, can best refute the views of the above scientists?",The stars that people can observe may be less than one percent of the real universe.,"From the perspective of other celestial bodies in the universe, redshift is also an absolute dominant phenomenon."
Qwen2.5-7B-Instruct,logiqa,35,"In order from bottom to top, which of the following matches the distribution of the above floors?","Finance Department, Planning Department, Administration Department, Human Resources Department, R & D Department, Sales Department.","Sales Department, Finance Department, Planning Department, R & D Department, Human Resources Department, Administration Department."
Qwen2.5-7B-Instruct,logiqa,36,"If the Human Resources Department is not at the upper level of the Administration Department, which of the following may be correct?",The sales department is one level above the administrative department.,The sales department is on the upper level of the R & D department.
Qwen2.5-7B-Instruct,logiqa,37,"If the human resources department is not on the top floor, the floors that the R & D department may be on are?",", 6.",", 4, 5."
Qwen2.5-7B-Instruct,logiqa,38,"If the Finance Department is on the third level, which of the following may be correct?",The R & D department is on the upper level of the sales department.,The R & D department is on the fifth floor.
Qwen2.5-7B-Instruct,logiqa,39,Which of the following may be the two departments where the first and second tiers are located?,R & D Department and Sales Department.,"Finance Department, Sales Department."
Qwen2.5-7B-Instruct,logiqa,40,Which of the following is most similar to the above argument?,"Anyone who meets the basic conditions can apply for a small loan. Sun Wen did not apply for a small loan. Therefore, Sun Wen did not meet the basic conditions.","Vegetables in Dongdun Market are very cheap. This basket of vegetables is not bought in Dongdun Market. Therefore, this basket of vegetables is not cheap."
Qwen2.5-7B-Instruct,logiqa,41,"Which of the following, if true, would best refute the above experimental conclusion?",The capsaicin contained in chili can hinder the secretion of a neurotransmitter to a certain extent.,"After paying attention to a healthy diet, patients with dyspepsia will generally ease the symptoms of discomfort within one month."
Qwen2.5-7B-Instruct,logiqa,42,"Which of the following, if true, can best refute the above argument?",The cave is actually an ancient cemetery and funeral venue.,The cave inspired the description of hell in Greek mythology.
Qwen2.5-7B-Instruct,logiqa,43,"Which of the following, if true, would best support the above research findings?",Elements such as iridium and platinum are peculiar to meteorites and usually only exist in trace amounts on the surface.,"In ancient times, there have been many incidents of meteorite impacting the earth."
Qwen2.5-7B-Instruct,logiqa,44,"Regarding the newly recruited researchers of the unit in 2013, which of the following judgments is correct?","All non-graduate PhD students live in the ""Peony Garden"" community.","None of the people living in the ""Peony Garden"" community have a doctorate."
Qwen2.5-7B-Instruct,logiqa,45,"Which of the following, if true, best supports the idea of ​​gradually extending the retirement age?",Many people now find a second career after going through retirement procedures.,The employment problem of young people should be solved by economic development and transformation and upgrading.
Qwen2.5-7B-Instruct,logiqa,46,"Which of the following, if true, would weaken the above argument most?",The online forum is a legal forum.,"""Good things don't go out, bad things spread thousands of miles. "" Throughout the ages."
Qwen2.5-7B-Instruct,logiqa,47,Which of the following is most suitable as a corollary of the above discussion.,"China's ""Tianhe 2"" computing speed is clearly ahead of other supercomputers.",Only China National Defense University has successfully developed a supercomputer.
Qwen2.5-7B-Instruct,logiqa,48,"Which of the following, if true, would best refute the arguments of the above supporters?","Even if the extinct animals can be resurrected in batches, the habitat suitable for their growth may have long since disappeared. If you can not give heavy organisms a suitable environment for survival, all efforts will be in vain.",The vast majority of these animals gradually disappeared in the course of human development. It was human activities that led to their extinction.
Qwen2.5-7B-Instruct,logiqa,49,Which of the following is most important for evaluating the above conclusion?,Test pregnant women and other women who have enough vitamins in their daily diet to determine whether they lack vitamins.,Test the daily diet of some pregnant women who lack vitamins to determine the content of vitamins.
Qwen2.5-7B-Instruct,logiqa,50,Which of the following conclusions can be drawn from the above conclusions?,An education system that does not allow everyone to enjoy the right to compulsory education is unreasonable.,An education system that guarantees everyone to enjoy compulsory education is reasonable.
Qwen2.5-7B-Instruct,logiqa,51,Which of the following is most helpful in eliminating this inconsistency?,Severe investigations of drunk driving have occurred in urban traffic accidents.,"In addition to strict investigation of drunk driving, other traffic violations should also be stopped."
Qwen2.5-7B-Instruct,logiqa,52,The comments of Ukrainian observers are best used to refute which of the following?,"As long as the Ukrainian authorities recognize the special status of the two ""Republic"" territories and the Russian language, and pardon all militia armed participants and political prisoners, the conflict can be resolved.","Even if the Ukrainian authorities recognize the special status of the two ""Republic"" territories and Russian language, and pardon all militia armed participants and political prisoners, the conflict may still not be resolved."
Qwen2.5-7B-Instruct,logiqa,53,Which of the following can most question the above view?,People's satisfaction with the pursuit of material life depends only on the level of economic development in the region.,The display of goods on the Internet cannot fully reflect the real situation.
Qwen2.5-7B-Instruct,logiqa,54,Which of the following can guarantee the correctness of the above statement?,"Unless it is a university teacher, it is impossible to have a doctorate from a prestigious school and have more than one year of research experience in an overseas research institution.","In recent years, college teachers have required overseas research experience."
Qwen2.5-7B-Instruct,logiqa,55,"If you want to get the conclusion that the plane was hijacked by a terrorist organization, which of the following should be added?","There were no reports of missiles shooting down the passenger plane, and the passenger plane did not malfunction.",The passenger plane malfunctioned and no missiles shot down the passenger plane.
Qwen2.5-7B-Instruct,logiqa,56,Which of the following can best question the above research conclusions?,"Most young people who are more satisfied with their lives are born in wealthier families, and all have a good professional background.",It should compare the occupational distribution of the respondents.
Qwen2.5-7B-Instruct,logiqa,57,Which of the following is most similar to the above reasoning?,"All heroes can stand the test, so those who cannot stand the test are not heroes.","All the students who passed the bottom-up exam passed the review, so all the students who passed the review passed."
Qwen2.5-7B-Instruct,logiqa,58,Which of the following is most likely the hypothesis of the above argument?,"In the past five years, the amount of food purchased by each household in City W has not changed.","In the past five years, the amount of food purchased by residents of W has increased by 8%."
Qwen2.5-7B-Instruct,logiqa,59,Which of the following can best question the decision of the city government?,Private car owners in the city generally have two or more private cars.,"The owners of private cars in the city are generally wealthy, and they do not care about the fines for violations."
Qwen2.5-7B-Instruct,logiqa,60,Which of the following means exactly the same as the above assertion?,Undergraduates who do not have the qualifications recommended by their school cannot be exempted from going to Peking University to study for a master's degree.,In addition to Peking University. Undergraduates can also go to other schools to study for a master's degree.
Qwen2.5-7B-Instruct,logiqa,61,Which of the following can weaken Lao Zhang ’s suggestion the most?,People can get essential minerals from other foods.,What the human body needs is not just minerals.
Qwen2.5-7B-Instruct,logiqa,62,Which of the following best refutes the above argument?,The sales volume only partially reflects the popularity of the book.,Those who purchase technology books are often highly educated.
Qwen2.5-7B-Instruct,logiqa,63,Which of the following raises the most serious question to the above conclusion?,The vast majority of health care costs are spent on high-tech intensive care for high-risk patients.,0% of the state's allocation to the health sector is for infrastructure construction.
Qwen2.5-7B-Instruct,logiqa,64,Which of the following may be correct?,Only Wang was hired by Tianxuan.,Only Liu was hired by Tian Xuan.
Qwen2.5-7B-Instruct,logiqa,65,Which of the following must be correct?,Tianshu hired at most two people.,Wang and Liu were hired by different units.
Qwen2.5-7B-Instruct,logiqa,66,"Which of the following is correct, you can determine the employer of each graduate?",Zhang was hired by Tianxuan.,Liu was hired by Tianji.
Qwen2.5-7B-Instruct,logiqa,67,"If Liu was hired by Tianxuan, which of the following must be wrong?",Zhang was hired by Tianxuan.,Wang was hired by Tianxuan.
Qwen2.5-7B-Instruct,logiqa,68,"According to this statistic, which of the following must be true?",Any activity organized by a community will involve the elderly in the community.,Middle-aged people in the community also participated in community-organized activities.
Qwen2.5-7B-Instruct,logiqa,69,The decision of the academic conference organizing committee is most likely based on which of the following assumptions?,There is always a certain percentage of paper quality in every conference paper submitted.,The academic conference organizing committee can make accurate judgments on the quality of the paper.
Qwen2.5-7B-Instruct,logiqa,70,Which of the following can best question the blogger ’s conclusion?,Most people who follow this blogger's article are their loyal fans.,Some of the objections to the post are more fully justified.
Qwen2.5-7B-Instruct,logiqa,71,Which of the following can most strongly support the views of the above jurists?,The negative misjudgment rate of each court is basically the same.,The accuracy of handling cases in various courts has improved significantly.
Qwen2.5-7B-Instruct,logiqa,72,Which of the following best supports the above argument?,"No matter in what society, scammers always exist.","The greater the greed, the easier it is to be deceived."
Qwen2.5-7B-Instruct,logiqa,73,"If only one sentence of the analyst ’s prediction is correct, who is the first?",Ding.,C.
Qwen2.5-7B-Instruct,logiqa,74,Which of the following is most similar to the above argument?,"It is wrong to say that inferior gasoline will not cause abnormal fuel consumption. Because inferior gasoline can cause very normal aging of engine valves, and abnormal aging of motive valves can cause abnormal fuel consumption.","It is true that excessive fertilization is the main cause of lawn diseases and insect pests. Because excessive fertilization can cause the grass to grow madly, and the grass that grows madly has little resistance to diseases and insect pests."
Qwen2.5-7B-Instruct,logiqa,75,"If the above statement is true, which of the following cannot be true?","Royce failed to represent the German team in the Brazil World Cup due to injury, but he has an excellent performance in the Bundesliga club field, and has been favored by top giants such as Real Madrid and Barcelona in the transfer market.","J. Ronaldo won the World Cup Golden Boots. At the same time, with the excellent performance of the club, he successfully transferred to Real Madrid in the case of many clubs chasing."
Qwen2.5-7B-Instruct,logiqa,76,Which of the following conclusions can be made based on the above discussion?,"Datian either does not have real talent, or lacks basic social skills, or fails to accurately locate in the career selection process.","Datian has real talent and basic social skills, but the positioning is not accurate."
Qwen2.5-7B-Instruct,logiqa,77,Which of the following can guarantee the correctness of the above statement?,All college teachers have a very high level.,All high-level teachers have overseas doctorate degrees.
Qwen2.5-7B-Instruct,logiqa,78,Which of the following is most similar to the question-making argument?,"Northerners are usually taller than southerners. Marin is the highest in the class, so he must be a northerner.","If people know how to make money, they can generally accumulate more wealth. Therefore, Mr. Peng's wealth comes from his resourcefulness."
Qwen2.5-7B-Instruct,logiqa,79,"Which of the following, if true, would most weaken the above arguments and suggestions?","Avoiding errors in vocabulary, grammar, and punctuation does not necessarily ensure the language quality of the manuscript.",Journalism courses have always emphasized and required students to be proficient in using computers and familiar with various software.
Qwen2.5-7B-Instruct,logiqa,80,Which of the following most appropriately summarizes the loopholes in the above argument?,Not taking into account the proportion of left-handers among all people.,Make an analogy between two types of objects that are not comparable.
Qwen2.5-7B-Instruct,logiqa,81,"Based on the above conclusions, which of the following conclusions is most likely to be drawn?",Petroleum is the energy source of some high-temperature furnaces for making cement.,Petroleum is one of the raw materials contained in cement.
Qwen2.5-7B-Instruct,logiqa,82,Which of the following most accurately summarizes the controversial focus of Ms. Zheng and Mr. Hu?,"A city's GDP growth rate is high, is the economic outlook necessarily good?",Is the GDP growth rate of Hengyuan City really higher than that of Angyang City?
Qwen2.5-7B-Instruct,logiqa,83,"Which of the following, if true, would most weaken the above argument?",Arterial health is not equal to physical health.,Eating large amounts of beef jerky is not conducive to arterial health.
Qwen2.5-7B-Instruct,logiqa,84,Which of the following most appropriately summarizes the loopholes in the conclusions of the Peace Foundation?,Ignored this possibility? the funding of the Peace Foundation enabled S Research to have all the ability to switch other funds to weapons research.,Ignore this possibility? weapons research does not necessarily endanger peace.
Qwen2.5-7B-Instruct,logiqa,85,"If the following items are true, they can weaken the above argument, except.",The violent and pornographic content published in Purgatory magazine is more moderate in similar magazines.,"Magazines that publish violent and pornographic content usually sell well, but have low credibility."
Qwen2.5-7B-Instruct,logiqa,86,"If the following item is true, can the argument be strengthened most?","Some clients who advertise in other family magazines and so on turn to ""Inferno"" magazine.","The cost and selling price of ""Inferno"" are lower than that of ""Harbour""."
Qwen2.5-7B-Instruct,logiqa,87,"Which of the following, if true, would most weaken the above conclusions of the government of Country H?",Last year's dry season in Country H saw unusually large and continuous rainfall.,The cost of rainforest protection in country H only accounts for a small percentage of annual fiscal expenditure.
Qwen2.5-7B-Instruct,logiqa,88,Which of the following is most likely assumed by the above argument?,Artists who have achieved great achievements cannot be unhappy.,Loneliness is necessary for great painting artists.
Qwen2.5-7B-Instruct,logiqa,89,Which of the following most accurately summarizes the method Xiao Wang used to refute Xiao Chen's views?,pointed out that Xiao Chen's argument is clearly lacking in persuasion.,pointed out that Xiao Chen's arguments contradict themselves.
Qwen2.5-7B-Instruct,logiqa,90,How many guests did Mr. Chen come forward to invite?, guests., guests.
Qwen2.5-7B-Instruct,logiqa,91,The logic loophole in the above argument is most similar to the following one?,"Unchecked sex is more likely to be infected with AIDS than checkpoint. However, among people with unchecked sex, only a small percentage of people are infected with AIDS. Therefore, there is no need to emphasize the harm of unchecked sex in the propaganda of AIDS prevention.","Obese people are more likely to suffer from heart disease than people with normal weight. However, obese people make up a very small percentage of our population. Therefore, in our country, there is no need for the medical and health community to emphasize the risk of heart disease."
Qwen2.5-7B-Instruct,logiqa,92,"The following assumptions can make the above inference hold, except.",Wang Wu's bonus is higher than Li Si's.,Li Si's bonus is as high as Wang Wu's.
Qwen2.5-7B-Instruct,logiqa,93,"Based on the above experiment, which of the following must be true?",No.1 is not Type B and No.2 is not Type A.,Both No.1 and No.2 are type C.
Qwen2.5-7B-Instruct,logiqa,94,Which of the following most appropriately points out the loophole of the above argument?,Improperly equate the possibility of a car accident with the seriousness of the car owner ’s injury in the accident.,Ignore this possibility? Owners without airbags pay more attention to driving cautiously.
Qwen2.5-7B-Instruct,logiqa,95,An analogy with which of the following inferences shows that the above inferences are not true?,"Some southerners are not Cantonese. Therefore, not all Cantonese are Southerners.","Some people are not selfish. Therefore, people are not all selfish."
Qwen2.5-7B-Instruct,logiqa,96,"If the above determination is true, which of the following must be true?",There are more students with poor grades in the second grade than those with poor grades in the first grade.,There are more students with good grades in the second grade than those with good grades in the first grade.
Qwen2.5-7B-Instruct,logiqa,97,"Which of the following, if true, would most weaken the above argument?","Among the patients who died above, the average year of death of the second group was two years earlier than the first group.","Among the above living patients, the second group is older than the first group."
Qwen2.5-7B-Instruct,logiqa,98,Kobayashi is most likely to understand the rules of swimming as?,"If you have a deep water certificate, you can enter the deep pool.",You cannot enter the deep pool unless you have a deep water certificate.
Qwen2.5-7B-Instruct,logiqa,99,"Which of the following, if true, would most weaken the above argument?","Crocodiles only eat capelin, and capelin is also the main food for seals.",Seawater pollution causes more damage to crocodiles than seals.
Qwen2.5-7B-Instruct,math-qa,0,a shopkeeper sold an article offering a discount of 5 % and earned a profit of 31.1 % . what would have been the percentage of profit earned if no discount had been offered ?,38,data inadequate
Qwen2.5-7B-Instruct,math-qa,1,what will be the difference between simple and compound interest at 14 % per annum on a sum of rs . 1000 after 4 years ?,129,145
Qwen2.5-7B-Instruct,math-qa,2,"there are 28 stations between hyderabad and bangalore . how many second class tickets have to be printed , so that a passenger can travel from any station to any other station ?",870,167
Qwen2.5-7B-Instruct,math-qa,3,the present population of a town is 3888 . population increase rate is 20 % p . a . find the population of town before 2 years ?,2700,2100
Qwen2.5-7B-Instruct,math-qa,4,the triplicate ratio of 1 : 9 is ?,1 : 729,1 : 0
Qwen2.5-7B-Instruct,math-qa,5,the sum of all the integers s such that - 26 < s < 24 is,- 49,0
Qwen2.5-7B-Instruct,math-qa,6,"a full stationary oil tank that is a right circular cylinder has a radius of 100 feet and a height of 25 feet . oil is pumped from the stationary tank to an oil truck that has a tank that is a right circular cylinder until the truck ' s tank is completely filled . if the truck ' s tank has a radius of 6 feet and a height of 10 feet , how far ( in feet ) did the oil level drop in the stationary tank ?",0.036,0.6
Qwen2.5-7B-Instruct,math-qa,7,"each week a restaurant serving mexican food uses the same volume of chili paste , which comes in either 35 - ounce cans or 25 - ounce cans of chili paste . if the restaurant must order 20 more of the smaller cans than the larger cans to fulfill its weekly needs , then how manysmallercans are required to fulfill its weekly needs ?",70,120
Qwen2.5-7B-Instruct,math-qa,8,"if n is an integer and 101 n ^ 2 is less than or equal to 10000 , what is the greatest possible value of n ?",9,11
Qwen2.5-7B-Instruct,math-qa,9,"a constructor estimates that 10 people can paint mr khans house in 4 days . if he uses 5 people instead of 10 , how long will they take to complete the job ?",8,10
Qwen2.5-7B-Instruct,math-qa,10,the population of a town is 8000 . it decreases annually at the rate of 20 % p . a . what will be its population after 3 years ?,4096,5200
Qwen2.5-7B-Instruct,math-qa,11,the percentage profit earned by selling an article for rs . 1920 is equal to the percentage loss incurred by selling the same article for rs . 1280 . at what price should the article be sold to make 40 % profit ?,2240,2299
Qwen2.5-7B-Instruct,math-qa,12,"running at the same constant rate , 6 identical machines can produce a total of 360 bottles per minute . at this rate , how many bottles could 10 such machines produce in 4 minutes ?",2400,648
Qwen2.5-7B-Instruct,math-qa,13,there are 1000 buildings in a street . a sign - maker is contracted to number the houses from 1 to 1000 . how many zeroes will he need ?,192,193
Qwen2.5-7B-Instruct,math-qa,14,"a man bought 20 shares of rs . 50 at 5 discount , the rate of dividend being 13 . the rate of interest obtained is :",15 %,66 %
Qwen2.5-7B-Instruct,math-qa,15,? % of 360 = 108,30,72
Qwen2.5-7B-Instruct,math-qa,16,a train 300 m long is running at a speed of 45 km / hr . in what time will it pass a bridge 150 m long ?,36,40
Qwen2.5-7B-Instruct,math-qa,17,what is the sum of all digits for the number 10 ^ 29 - 41 ?,257,202
Qwen2.5-7B-Instruct,math-qa,18,a train running at the speed of 120 km / hr crosses a pole in 18 seconds . what is the length of the train ?,600,580
Qwen2.5-7B-Instruct,math-qa,19,a train 100 meters long completely crosses a 300 meters long bridge in 45 seconds . what is the speed of the train is ?,32 kmph,43 kmph
Qwen2.5-7B-Instruct,math-qa,20,"each month a retailer sells 100 identical items . on each item he makes a profit of $ 40 that constitutes 10 % of the item ' s price to the retailer . if the retailer contemplates giving a 5 % discount on the items he sells , what is the least number of items he will have to sell each month to justify the policy of the discount ?",223,221
Qwen2.5-7B-Instruct,math-qa,21,"the average age of 15 students of a class is 14 years . out of these , the average age of 5 students is 14 years and that of the other 9 students is 16 years . tee age of the 15 th student is ?",4 years,3 years
Qwen2.5-7B-Instruct,math-qa,22,"bookman purchased 55 copies of a new book released recently , 10 of which are hardback and sold for $ 20 each , and rest are paperback and sold for $ 10 each . if 14 copies were sold and the total value of the remaining books was 460 , how many paperback copies were sold ?",9,10
Qwen2.5-7B-Instruct,math-qa,23,diana is painting statues . she has 1 / 2 of a gallon of paint remaining . each statue requires 1 / 16 gallon of paint . how many statues can she paint ?,8,20
Qwen2.5-7B-Instruct,math-qa,24,"if the price of gasoline increases by 25 % and a driver intends to spend only 20 % more on gasoline , by how much percent should the driver reduce the quantity of gasoline that he buys ?",4 %,6 %
Qwen2.5-7B-Instruct,math-qa,25,"an art gallery has only paintings and sculptures . currently , 1 / 3 of the pieces of art are displayed , and 1 / 6 of the pieces on display are sculptures . if 1 / 3 of the pieces not on display are paintings , and 1000 sculptures are not on display , how many pieces of art does the gallery have ?",2250,540
Qwen2.5-7B-Instruct,math-qa,26,"john and ingrid pay 30 % and 40 % tax annually , respectively . if john makes $ 60000 and ingrid makes $ 72000 , what is their combined tax rate ?",35.6 %,34.4 %
Qwen2.5-7B-Instruct,math-qa,27,the lenght of a room is 5.5 m and width is 4 m . find the cost of paving the floor by slabs at the rate of rs . 900 per sq . metre .,s . 19,s . 17
Qwen2.5-7B-Instruct,math-qa,28,"a factory that employs 1000 assembly line workers pays each of these workers $ 5 per hour for the first 40 hours worked during a week and 1 ½ times that rate for hours worked in excess of 40 . what was the total payroll for the assembly - line workers for a week in which 30 percent of them worked 15 hours , 50 percent worked 40 hours , and the rest worked 50 hours ?",$ 177,$ 205
Qwen2.5-7B-Instruct,math-qa,29,a corporation double its annual bonus to 100 of its employees . what percent of the employees ’ new bonus is the increase ?,50 %,5 %
Qwen2.5-7B-Instruct,math-qa,30,a and b together do a work in 20 days . b and c together in 15 days and c and a in 12 days . then b alone can finish same work in how many days ?,60,48
Qwen2.5-7B-Instruct,math-qa,31,"two trains of equal length , running with the speeds of 60 and 16 kmph , take 50 seconds to cross each other while they are running in the same direction . what time will they take to cross each other if they are running in opposite directions ?",13.15,22.22
Qwen2.5-7B-Instruct,math-qa,32,calculate the ratio between x and y if 30 % of x equal to 50 % of y ?,3 : 5,3 : 7
Qwen2.5-7B-Instruct,math-qa,33,"three walls have wallpaper covering a combined area of 300 square meters . by overlapping the wallpaper to cover a wall with an area of 180 square meters , the area that is covered by exactly two layers of wallpaper is 34 square meters . what is the area that is covered with three layers of wallpaper ?",43 square meters,120 square meters
Qwen2.5-7B-Instruct,math-qa,34,"a meeting has to be conducted with 6 managers . find the number of ways in which the managers may be selected from among 9 managers , if there are 2 managers who refuse to attend the meeting together .",49,42
Qwen2.5-7B-Instruct,math-qa,35,a trader bought a car at 20 % discount on its original price . he sold it at a 40 % increase on the price he bought it . what percent of profit did he make on the original price ?,12 %,19 %
Qwen2.5-7B-Instruct,math-qa,36,what is the unit digit in the product ( 3 ^ 65 x 6 ^ 59 x 7 ^ 71 ) ?,4,18
Qwen2.5-7B-Instruct,math-qa,37,"a start walking from a place at a uniform speed of 6 kmph in a particular direction . after half an hour , b starts from the same place and walks in the same direction as a at a uniform speed and overtakes a after 1 hour 48 minutes . find the speed of b .",6.6 kmph,4.7 kmph
Qwen2.5-7B-Instruct,math-qa,38,"oak street begins at pine street and runs directly east for 2 kilometers until it ends when it meets maple street . oak street is intersected every 400 meters by a perpendicular street , and each of those streets other than pine street and maple street is given a number beginning at 1 st street ( one block east of pine street ) and continuing consecutively ( 2 nd street , 3 rd street , etc . . . ) until the highest - numbered street one block west of maple street . what is the highest - numbered street that intersects oak street ?",4 th,6 th
Qwen2.5-7B-Instruct,math-qa,39,"50 percent of the members of a study group are women , and 30 percent of those women are lawyers . if one member of the study group is to be selected at random , what is the probability that the member selected is a woman lawyer ?",0.15,0.35
Qwen2.5-7B-Instruct,math-qa,40,"the cross - section of a cannel is a trapezium in shape . if the cannel is 14 m wide at the top and 8 m wide at the bottom and the area of cross - section is 550 sq m , the depth of cannel is ?",50,76
Qwen2.5-7B-Instruct,math-qa,41,kim finds a 4 - meter tree branch and marks it off in thirds and fifths . she then breaks the branch along all the markings and removes one piece of every distinct length . what fraction of the original branch remains ?,3 / 5,1 / 2
Qwen2.5-7B-Instruct,math-qa,42,"$ 350 is divided among a , b , and c so that a receives half as much as b , and b receives half as much as c . how much money is c ' s share ?",$ 250,$ 300
Qwen2.5-7B-Instruct,math-qa,43,"in an it company , there are a total of 90 employees including 50 programmers . the number of male employees is 80 , including 35 male programmers . how many employees must be selected to guaranty that we have 3 programmers of the same sex ?",45,65
Qwen2.5-7B-Instruct,math-qa,44,"the cost of one photocopy is $ 0.02 . however , a 25 % discount is offered on orders of more than 100 photocopies . if arthur and david have to make 80 copies each , how much will each of them save if they submit a single order of 160 copies ?",$ 0.40,$ 0.48
Qwen2.5-7B-Instruct,math-qa,45,( 3 x + 1 ) ( 2 x - 5 ) = ax ^ 2 + kx + n . what is the value of a - n + k ?,14,5
Qwen2.5-7B-Instruct,math-qa,46,"if 6 men and 8 women can do a piece of work in 10 days while 26 men and 48 women can do the same in 2 days , the time taken by 15 men and 20 women in doing the same type of work will be ?",4,8
Qwen2.5-7B-Instruct,math-qa,47,the maximum number of students among them 1345 pens and 775 pencils can be distributed in such a way that each student gets the same number of pens and same number of pencils is :,5,none of these
Qwen2.5-7B-Instruct,math-qa,48,"a sum of rs . 1360 has been divided among a , b and c such that a gets 2 / 3 of what b gets and b gets 1 / 4 of what c gets . b ' s share is :",rs . 240,rs . 160
Qwen2.5-7B-Instruct,math-qa,49,"how many cuboids of length 5 m , width 3 m and height 2 m can be farmed from a cuboid of 18 m length , 15 m width and 2 m height .",108,101
Qwen2.5-7B-Instruct,math-qa,50,two - third of a positive number and 16 / 216 of its reciprocal are equal . find the positive number .,4 / 12,4 / 17
Qwen2.5-7B-Instruct,math-qa,51,"find large number from below question the difference of two numbers is 1365 . on dividing the larger number by the smaller , we get 6 as quotient and the 15 as remainder",1635,1378
Qwen2.5-7B-Instruct,math-qa,52,the average of first three prime numbers greater than 5 is ?,10.3,12.6
Qwen2.5-7B-Instruct,math-qa,53,"in a recent election , james received 0.5 percent of the 2,000 votes cast . to win the election , a candidate needed to receive more than 50 percent of the vote . how many additional votes would james have needed to win the election ?",991,990
Qwen2.5-7B-Instruct,math-qa,54,"if 12 : 8 : : x : 16 , then find the value of x",24,16
Qwen2.5-7B-Instruct,math-qa,55,what least number must be subtracted from 3832 so that the remaining number is divisible by 5 ?,2,1
Qwen2.5-7B-Instruct,math-qa,56,find the length of the wire required to go 14 times round a square field containing 5625 m 2 .,4200,8766
Qwen2.5-7B-Instruct,math-qa,57,"how many bricks , each measuring 25 cm x 11.25 cm x 6 cm , will be needed to build a wall of 1 m x 2 m x 20 cm ?",237,7200
Qwen2.5-7B-Instruct,math-qa,58,"spanish language broadcast records last 90 min on each of two sides . if it takes 3 hours to translate one hour of broadcast , how long will it take to translate 16 full records ?",144 hours,124 hours
Qwen2.5-7B-Instruct,math-qa,59,a began business with rs . 45000 and was joined afterwards by b with rs . 5400 . when did b join if the profits at the end of the year were divided in the ratio of 2 : 1 ?,7,8
Qwen2.5-7B-Instruct,math-qa,60,"a can do a piece of work in 4 hours ; b and c together can do it in 3 hours , which a and c together can do it in 2 hours . how long will b alone take to do it ?",12 hours,79 hours
Qwen2.5-7B-Instruct,math-qa,61,how many seconds will a 650 meter long train moving with a speed of 63 km / hr take to cross a man walking with a speed of 3 km / hr in the direction of the train ?,39,18
Qwen2.5-7B-Instruct,math-qa,62,today is thursday . i came home from a trip 3 days before the day after last monday . how many days have i been home ?,6 days,7 days
Qwen2.5-7B-Instruct,math-qa,63,"an article is bought for rs . 675 and sold for rs . 1100 , find the gain percent ?",63 %,62 %
Qwen2.5-7B-Instruct,math-qa,64,"in one hour , a boat goes 19 km along the stream and 5 km against the stream . the speed of the boat in still water ( in km / hr ) is :",12,7
Qwen2.5-7B-Instruct,math-qa,65,"a salesperson received a commission of 3 percent of the sale price for each of the first 100 machines that she sold and 4 percent of the sale price for each machine that she sold after the first 100 . if the sale price of each machine was $ 10,000 and the salesperson received a $ 45,000 commission , how many machines did she sell ?",140,103
Qwen2.5-7B-Instruct,math-qa,66,solve the equation for x : 6 x - 27 + 3 x = 4 + 9 - x,4,3
Qwen2.5-7B-Instruct,math-qa,67,a profit of rs . 900 is divided between x and y in the ratio of 1 / 2 : 1 / 3 . what is the difference between their profit shares ?,s . 180,s . 280
Qwen2.5-7B-Instruct,math-qa,68,"a is two years older than b who is twice as old as c . if the total of the ages of a , b and c be 27 , the how old is b ?",10,11
Qwen2.5-7B-Instruct,math-qa,69,"calculate the share of y , if rs . 2880 is divided among x , y and z in the ratio 3 : 5 : 8 ?",540,240
Qwen2.5-7B-Instruct,math-qa,70,"3 years ago , paula was 3 times as old as karl . in 9 years , paula will be twice as old as karl . what is the sum of their ages now ?",54,42
Qwen2.5-7B-Instruct,math-qa,71,a train running at the speed of 50 km / hr crosses a post in 4 seconds . what is the length of the train ?,60,95
Qwen2.5-7B-Instruct,math-qa,72,"if soundharya rows 49 km upstream and 77 km down steam taking 7 hours each , then the speed of the stream",2 kmph,5 kmph
Qwen2.5-7B-Instruct,math-qa,73,the digital sum of a number is the sum of its digits . for how many of the positive integers 24 - 140 inclusive is the digital sum a multiple of 7 ?,15,14
Qwen2.5-7B-Instruct,math-qa,74,the ratio of 2 numbers is 2 : 5 and their h . c . f . is 6 . their l . c . m . is ?,60,36
Qwen2.5-7B-Instruct,math-qa,75,"20 beavers , working together in a constant pace , can build a dam in 6 hours . how many hours will it take 12 beavers that work at the same pace , to build the same dam ?",10 .,8 .
Qwen2.5-7B-Instruct,math-qa,76,"if a student loses 6 kilograms , he will weigh twice as much as his sister . together they now weigh 126 kilograms . what is the student ' s present weight in kilograms ?",86,82
Qwen2.5-7B-Instruct,math-qa,77,a person buys an article at rs . 575 . at what price should he sell the article so as to make a profit of 15 % ?,661.25,269
Qwen2.5-7B-Instruct,math-qa,78,"two consultants can type up a report in 12.5 hours and edit it in 7.5 hours . if mary needs 30 hours to type the report and jim needs 12 hours to edit it alone , how many t hours will it take if jim types the report and mary edits it immediately after he is done ?",41.4,10.8
Qwen2.5-7B-Instruct,math-qa,79,"an amount of rs . 1638 was divided among a , b and c , in the ratio 1 / 2 : 1 / 3 : 1 / 4 . find the share of a ?",756,720
Qwen2.5-7B-Instruct,math-qa,80,what least value should be replaced by * in 2551112 * so the number become divisible by 6,4,5
Qwen2.5-7B-Instruct,math-qa,81,what number is obtained by adding the units digits of 734 ^ 100 and 347 ^ 83 ?,9,11
Qwen2.5-7B-Instruct,math-qa,82,"in two triangles , the ratio of the areas is 4 : 3 and the ratio of their heights is 3 : 4 . find the ratio of their bases .",16 : 9',8 : 5']
Qwen2.5-7B-Instruct,math-qa,83,a trader sells 40 metres of cloth for rs . 8200 at a profit of rs . 15 per metre of cloth . how much profit will the trder earn on 40 metres of cloth ?,rs . 600,rs . 1200
Qwen2.5-7B-Instruct,math-qa,84,what is the probability of drawing a queen from a deck of 52 cards ?,1 / 13,4
Qwen2.5-7B-Instruct,math-qa,85,a thief goes away with a santro car at a speed of 50 kmph . the theft has been discovered after half an hour and the owner sets off in a bike at 60 kmph when will the owner over take the thief from the start ?,a ) 2,e ) 8
Qwen2.5-7B-Instruct,math-qa,86,the average weight of 18 boys in a class is 50.25 kg and that of the remaining 8 boys is 45.15 kg . find the average weights of all the boys in the class .,48.68077,42.25983
Qwen2.5-7B-Instruct,math-qa,87,"how many words , with or without meaning , can be formed using all letters of the word good using each letter exactly once ?",24,20
Qwen2.5-7B-Instruct,math-qa,88,"in right triangle abc , ac is the hypotenuse . if ac is 40 and ab + bc = 60 , what is the area of the triangle abc ?",500,450
Qwen2.5-7B-Instruct,math-qa,89,the ratio of the area of a square to that of the square drawn on its diagonal is,1 : 2,1 : 6
Qwen2.5-7B-Instruct,math-qa,90,a 4 digit number divisible by 7 becomes divisible by 3 when 19 is added to it . the largest such number is :,4487,4479
Qwen2.5-7B-Instruct,math-qa,91,what is the probability for a family with 3 children to have a girl and two boys ( assuming the probability of having a boy or a girl is equal ) ?,3 / 8,1 / 8
Qwen2.5-7B-Instruct,math-qa,92,"a manufacturer produces a certain men ' s athletic shoe in integer sizes from 8 to 17 . for this particular shoe , each unit increase in size corresponds to a 1 / 5 - inch increase in the length of the shoe . if the largest size of this shoe is 30 % longer than the smallest size , how long , in inches , is the shoe in size 15 ?",7.4,7.7
Qwen2.5-7B-Instruct,math-qa,93,if x + | x | + y = 7 and x + | y | - y = 5 what is x + y = ?,5,1
Qwen2.5-7B-Instruct,math-qa,94,a 240 m long train running at the speed of 120 km / hr crosses another train running in opposite direction at the speed of 80 km / hr in 9 sec . what is the length of the other train ?,260,240
Qwen2.5-7B-Instruct,math-qa,95,"34 . the side surface of a cylinder is rolled with a rectangular plate . if the perimeter of the circular base is 9 feet , and the diagonal of the rectangular plate was 15 ft . what is height of the of the cylinder ?",12',14']
Qwen2.5-7B-Instruct,math-qa,96,what quantity of water should be added to reduce 9 liters of 50 % acidic liquid to 30 % acidic liquid ?,6 liters,15 liters
Qwen2.5-7B-Instruct,math-qa,97,"a man gains 20 % by selling an article for a certain price . if the sells it at double the price , the percentage of profit will be :",178,140
Qwen2.5-7B-Instruct,math-qa,98,"the average weight of 20 persons sitting in a boat had some value . a new person added to them whose weight was 46 kg only . due to his arrival , the average weight of all the persons decreased by 5 kg . find the average weight of first 20 persons ?",59,55
Qwen2.5-7B-Instruct,math-qa,99,"a and b can together finish a work in 40 days . they worked together for 10 days and then b left . after another 18 days , a finished the remaining work . in how many days a alone can finish the job ?",24,30
Qwen2.5-7B-Instruct,biomix-qa,0,"Out of the given list, which Gene is associated with head and neck cancer and uveal melanoma.",CACNA2D1,PSCA
Qwen2.5-7B-Instruct,biomix-qa,1,"Out of the given list, which Gene is associated with male breast cancer and urticaria.",RAD51B,BABAM1
Qwen2.5-7B-Instruct,biomix-qa,2,"Out of the given list, which Gene is associated with myeloproliferative neoplasm and interstitial lung disease.",TERT,STAT3
Qwen2.5-7B-Instruct,biomix-qa,3,"Out of the given list, which Gene is associated with myelodysplastic syndrome and psoriasis.",HLA-B,TERT
Qwen2.5-7B-Instruct,biomix-qa,4,"Out of the given list, which Gene is associated with cervix carcinoma and autoimmune hepatitis.",HLA-DQA1,ERAP1
Qwen2.5-7B-Instruct,biomix-qa,5,"Out of the given list, which Gene is associated with autoimmune hepatitis and membranous glomerulonephritis.",HLA-DQA1,STAT4
Qwen2.5-7B-Instruct,biomix-qa,6,"Out of the given list, which Gene is associated with interstitial lung disease and triple-receptor negative breast cancer.",TERT,PTK2B
Qwen2.5-7B-Instruct,biomix-qa,7,"Out of the given list, which Gene is associated with herpes zoster and psoriatic arthritis.",HLA-B,CPS1
Qwen2.5-7B-Instruct,biomix-qa,8,"Out of the given list, which Variant is associated with collagenous colitis and autoimmune hepatitis.",rs2187668,rs6969780
Qwen2.5-7B-Instruct,biomix-qa,9,"Out of the given list, which Gene is associated with myositis and Sjogren's syndrome.",STAT4,ACOXL
Qwen2.5-7B-Instruct,biomix-qa,10,"Out of the given list, which Gene is associated with liver cirrhosis and uveal melanoma.",CACNA2D1,PSCA
Qwen2.5-7B-Instruct,biomix-qa,11,"Out of the given list, which Gene is associated with membranous glomerulonephritis and cutaneous lupus erythematosus.",HLA-DQA1,EPDR1
Qwen2.5-7B-Instruct,biomix-qa,12,"Out of the given list, which Gene is associated with nephrotic syndrome and oral cavity cancer.",HLA-DQB1,AHR
Qwen2.5-7B-Instruct,biomix-qa,13,"Out of the given list, which Gene is associated with duodenal ulcer and atrophic gastritis.",PSCA,SCN1A
Qwen2.5-7B-Instruct,biomix-qa,14,"Out of the given list, which Gene is associated with cocaine dependence and androgenic alopecia.",SLC14A2,ADGRV1
Qwen2.5-7B-Instruct,biomix-qa,15,"Out of the given list, which Gene is associated with autoimmune hepatitis and collagenous colitis.",HLA-DQA1,NANOS1
Qwen2.5-7B-Instruct,biomix-qa,16,"Out of the given list, which Gene is associated with duodenal ulcer and gastric fundus cancer.",PSCA,BTC
Qwen2.5-7B-Instruct,biomix-qa,17,"Out of the given list, which Gene is associated with interstitial lung disease and idiopathic pulmonary fibrosis.",TERT,ERAP1
Qwen2.5-7B-Instruct,biomix-qa,18,"Out of the given list, which Gene is associated with rheumatoid arthritis and myositis.",PTPN22,PRKN
Qwen2.5-7B-Instruct,biomix-qa,19,"Out of the given list, which Gene is associated with dengue hemorrhagic fever and intracranial aneurysm.",RP1,UCK2
Qwen2.5-7B-Instruct,biomix-qa,20,"Out of the given list, which Gene is associated with ulcerative colitis and ankylosing spondylitis.",IL23R,DTNB
Qwen2.5-7B-Instruct,biomix-qa,21,"Out of the given list, which Gene is associated with myelodysplastic syndrome and psoriatic arthritis.",HLA-B,BTNL2
Qwen2.5-7B-Instruct,biomix-qa,22,"Out of the given list, which Gene is associated with ankylosing spondylitis and inflammatory bowel disease.",IL23R,LPP
Qwen2.5-7B-Instruct,biomix-qa,23,"Out of the given list, which Gene is associated with duodenal ulcer and malaria.",ABO,IGF1R
Qwen2.5-7B-Instruct,biomix-qa,24,"Out of the given list, which Gene is associated with diffuse large B-cell lymphoma and psoriasis.",HLA-B,ADGRG6
Qwen2.5-7B-Instruct,biomix-qa,25,"Out of the given list, which Gene is associated with focal epilepsy and epilepsy.",SCN1A,LRMDA
Qwen2.5-7B-Instruct,biomix-qa,26,"Out of the given list, which Gene is associated with lung small cell carcinoma and cervix carcinoma.",ADGRV1,CACNA1D
Qwen2.5-7B-Instruct,biomix-qa,27,"Out of the given list, which Gene is associated with neuromyelitis optica and neurotic disorder.",TNXB,GATA3
Qwen2.5-7B-Instruct,biomix-qa,28,"Out of the given list, which Gene is associated with psoriasis and myelodysplastic syndrome.",HLA-B,GCKR
Qwen2.5-7B-Instruct,biomix-qa,29,"Out of the given list, which Gene is associated with mature B-cell neoplasm and cocaine dependence.",SLC14A2,TLR1
Qwen2.5-7B-Instruct,biomix-qa,30,"Out of the given list, which Gene is associated with neurotic disorder and neuromyelitis optica.",TNXB,LACC1
Qwen2.5-7B-Instruct,biomix-qa,31,"Out of the given list, which Gene is associated with differentiated thyroid gland carcinoma and hypothyroidism.",VAV3,PINX1
Qwen2.5-7B-Instruct,biomix-qa,32,"Out of the given list, which Gene is associated with myelodysplastic syndrome and herpes zoster.",HLA-B,KALRN
Qwen2.5-7B-Instruct,biomix-qa,33,"Out of the given list, which Variant is associated with vitiligo and rheumatoid arthritis.",rs2476601,rs78378222
Qwen2.5-7B-Instruct,biomix-qa,34,"Out of the given list, which Gene is associated with central nervous system cancer and triple-receptor negative breast cancer.",TERT,CACNA2D1
Qwen2.5-7B-Instruct,biomix-qa,35,"Out of the given list, which Gene is associated with systemic scleroderma and Sjogren's syndrome.",STAT4,COL22A1
Qwen2.5-7B-Instruct,biomix-qa,36,"Out of the given list, which Gene is associated with autoimmune hepatitis and oropharynx cancer.",HLA-DQB1,BTBD9
Qwen2.5-7B-Instruct,biomix-qa,37,"Out of the given list, which Gene is associated with oropharynx cancer and rheumatic heart disease.",HLA-DQB1,DENND1A
Qwen2.5-7B-Instruct,biomix-qa,38,"Out of the given list, which Variant is associated with cutaneous lupus erythematosus and autoimmune hepatitis.",rs2187668,rs10455872
Qwen2.5-7B-Instruct,biomix-qa,39,"Out of the given list, which Gene is associated with age related macular degeneration and Kuhnt-Junius degeneration.",CFH,VAV3
Qwen2.5-7B-Instruct,biomix-qa,40,"Out of the given list, which Gene is associated with androgenic alopecia and mature B-cell neoplasm.",SLC14A2,TTLL5
Qwen2.5-7B-Instruct,biomix-qa,41,"Out of the given list, which Variant is associated with aortic stenosis and large artery stroke.",rs10455872,rs34243448
Qwen2.5-7B-Instruct,biomix-qa,42,"Out of the given list, which Gene is associated with pancreatic carcinoma and malaria.",ABO,HLA-DQA1
Qwen2.5-7B-Instruct,biomix-qa,43,"Out of the given list, which Gene is associated with gastric fundus cancer and duodenal ulcer.",PSCA,EML4
Qwen2.5-7B-Instruct,biomix-qa,44,"Out of the given list, which Gene is associated with estrogen-receptor negative breast cancer and squamous cell carcinoma.",BRCA2,HLA-DPB1
Qwen2.5-7B-Instruct,biomix-qa,45,"Out of the given list, which Gene is associated with allergic rhinitis and Takayasu's arteritis.",HLA-B,ABO
Qwen2.5-7B-Instruct,biomix-qa,46,"Out of the given list, which Gene is associated with triple-receptor negative breast cancer and interstitial lung disease.",TERT,FGFR2
Qwen2.5-7B-Instruct,biomix-qa,47,"Out of the given list, which Gene is associated with estrogen-receptor negative breast cancer and triple-receptor negative breast cancer.",TERT,HBB
Qwen2.5-7B-Instruct,biomix-qa,48,"Out of the given list, which Gene is associated with myositis and systemic scleroderma.",STAT4,BTNL2
Qwen2.5-7B-Instruct,biomix-qa,49,"Out of the given list, which Gene is associated with ulcerative colitis and inflammatory bowel disease.",IL23R,SAMD9L
Qwen2.5-7B-Instruct,biomix-qa,50,"Out of the given list, which Gene is associated with collagenous colitis and membranous glomerulonephritis.",HLA-DQA1,CASZ1
Qwen2.5-7B-Instruct,biomix-qa,51,"Out of the given list, which Gene is associated with thyroid gland papillary carcinoma and hypothyroidism.",VAV3,CLPTM1L
Qwen2.5-7B-Instruct,biomix-qa,52,"Out of the given list, which Variant is associated with anti-neutrophil antibody associated vasculitis and autoimmune disease.",rs6679677,rs6679677
Qwen2.5-7B-Instruct,biomix-qa,53,"Out of the given list, which Gene is associated with immunoglobulin alpha deficiency and cutaneous lupus erythematosus.",HLA-DQA1,PINX1
Qwen2.5-7B-Instruct,biomix-qa,54,"Out of the given list, which Gene is associated with psoriatic arthritis and Takayasu's arteritis.",HLA-B,TMC7
Qwen2.5-7B-Instruct,biomix-qa,55,"Out of the given list, which Variant is associated with keratinocyte carcinoma""@e and autoimmune disease.",rs72928038,rs325485
Qwen2.5-7B-Instruct,biomix-qa,56,"Out of the given list, which Variant is associated with age-related hearing impairment and keratinocyte carcinoma""@e.",rs1126809,rs2503199
Qwen2.5-7B-Instruct,biomix-qa,57,"Out of the given list, which Gene is associated with periodontitis and primary angle-closure glaucoma.",EPDR1,PRNP
Qwen2.5-7B-Instruct,biomix-qa,58,"Out of the given list, which Gene is associated with age related macular degeneration and kidney disease.",CFH,C1orf127
Qwen2.5-7B-Instruct,biomix-qa,59,"Out of the given list, which Variant is associated with duodenal ulcer and atrophic gastritis.",rs2294008,rs755383
Qwen2.5-7B-Instruct,biomix-qa,60,"Out of the given list, which Variant is associated with skin sensitivity to sun and age-related hearing impairment.",rs1126809,rs1333047
Qwen2.5-7B-Instruct,biomix-qa,61,"Out of the given list, which Gene is associated with hypothyroidism and differentiated thyroid gland carcinoma.",VAV3,STAT4
Qwen2.5-7B-Instruct,biomix-qa,62,"Out of the given list, which Gene is associated with membranous glomerulonephritis and autoimmune hepatitis.",HLA-DQA1,RORA
Qwen2.5-7B-Instruct,biomix-qa,63,"Out of the given list, which Gene is associated with psoriasis and diffuse large B-cell lymphoma.",HLA-B,XBP1
Qwen2.5-7B-Instruct,biomix-qa,64,"Out of the given list, which Gene is associated with Sjogren's syndrome and systemic scleroderma.",STAT4,JAK2
Qwen2.5-7B-Instruct,biomix-qa,65,"Out of the given list, which Gene is associated with lung carcinoma and triple-receptor negative breast cancer.",TERT,MYBPC3
Qwen2.5-7B-Instruct,biomix-qa,66,"Out of the given list, which Variant is associated with Crohn's disease and ankylosing spondylitis.",rs11209026,rs6010620
Qwen2.5-7B-Instruct,biomix-qa,67,"Out of the given list, which Gene is associated with rheumatic heart disease and oral cavity cancer.",HLA-DQB1,TM6SF2
Qwen2.5-7B-Instruct,biomix-qa,68,"Out of the given list, which Gene is associated with allergic rhinitis and myelodysplastic syndrome.",HLA-B,FADS1
Qwen2.5-7B-Instruct,biomix-qa,69,"Out of the given list, which Gene is associated with lung carcinoma and interstitial lung disease.",TERT,FAM227B
Qwen2.5-7B-Instruct,biomix-qa,70,"Out of the given list, which Variant is associated with Kuhnt-Junius degeneration and age related macular degeneration.",rs10490924,rs4072037
Qwen2.5-7B-Instruct,biomix-qa,71,"Out of the given list, which Gene is associated with autoimmune hepatitis and oral cavity cancer.",HLA-DQB1,SULT1B1
Qwen2.5-7B-Instruct,biomix-qa,72,"Out of the given list, which Gene is associated with pancreatic carcinoma and oral cavity cancer.",CLPTM1L,GCKR
Qwen2.5-7B-Instruct,biomix-qa,73,"Out of the given list, which Variant is associated with rheumatoid arthritis and vitiligo.",rs2476601,rs7176508
Qwen2.5-7B-Instruct,biomix-qa,74,"Out of the given list, which Variant is associated with central nervous system cancer and lung adenocarcinoma.",rs2736100,rs7426056
Qwen2.5-7B-Instruct,biomix-qa,75,"Out of the given list, which Gene is associated with cervix carcinoma and membranous glomerulonephritis.",HLA-DQA1,TNIP1
Qwen2.5-7B-Instruct,biomix-qa,76,"Out of the given list, which Gene is associated with Hodgkin's lymphoma and Hodgkin's lymphoma, nodular sclerosis.",GATA3,XBP1
Qwen2.5-7B-Instruct,biomix-qa,77,"Out of the given list, which Gene is associated with idiopathic pulmonary fibrosis and lung carcinoma.",TERT,ERAP1
Qwen2.5-7B-Instruct,biomix-qa,78,"Out of the given list, which Gene is associated with lung carcinoma and central nervous system cancer.",TERT,C9
Qwen2.5-7B-Instruct,biomix-qa,79,"Out of the given list, which Gene is associated with allergic rhinitis and psoriasis.",HLA-B,MYH7
Qwen2.5-7B-Instruct,biomix-qa,80,"Out of the given list, which Gene is associated with Barrett's esophagus and esophagus adenocarcinoma.",CRTC1,CFH
Qwen2.5-7B-Instruct,biomix-qa,81,"Out of the given list, which Variant is associated with atrophic gastritis and gastric fundus cancer.",rs2294008,rs2738048
Qwen2.5-7B-Instruct,biomix-qa,82,"Out of the given list, which Gene is associated with Hodgkin's lymphoma, nodular sclerosis and Hodgkin's lymphoma.",GATA3,HLA-DQB2
Qwen2.5-7B-Instruct,biomix-qa,83,"Out of the given list, which Gene is associated with estrogen-receptor negative breast cancer and myeloproliferative neoplasm.",TERT,HLA-DQB2
Qwen2.5-7B-Instruct,biomix-qa,84,"Out of the given list, which Gene is associated with lung adenocarcinoma and central nervous system cancer.",TERT,POU5F1B
Qwen2.5-7B-Instruct,biomix-qa,85,"Out of the given list, which Variant is associated with triple-receptor negative breast cancer and uterine fibroid.",rs78378222,rs115879499
Qwen2.5-7B-Instruct,biomix-qa,86,"Out of the given list, which Variant is associated with male breast cancer and breast carcinoma.",rs3803662,rs16948876
Qwen2.5-7B-Instruct,biomix-qa,87,"Out of the given list, which Variant is associated with Kawasaki disease and inflammatory bowel disease.",rs1801274,rs573872
Qwen2.5-7B-Instruct,biomix-qa,88,"Out of the given list, which Gene is associated with central nervous system cancer and lung carcinoma.",TERT,BTN2A1
Qwen2.5-7B-Instruct,biomix-qa,89,"Out of the given list, which Gene is associated with cervix carcinoma and immunoglobulin alpha deficiency.",HLA-DQA1,PRKN
Qwen2.5-7B-Instruct,biomix-qa,90,"Out of the given list, which Gene is associated with interstitial lung disease and central nervous system cancer.",TERT,GTF2I
Qwen2.5-7B-Instruct,biomix-qa,91,"Out of the given list, which Gene is associated with estrogen-receptor negative breast cancer and central nervous system cancer.",TERT,TNFSF15
Qwen2.5-7B-Instruct,biomix-qa,92,"Out of the given list, which Gene is associated with duodenal ulcer and pancreatic carcinoma.",ABO,YLPM1
Qwen2.5-7B-Instruct,biomix-qa,93,"Out of the given list, which Gene is associated with oropharynx cancer and autoimmune hepatitis.",HLA-DQB1,BTN3A1
Qwen2.5-7B-Instruct,biomix-qa,94,"Out of the given list, which Gene is associated with membranous glomerulonephritis and cervix carcinoma.",HLA-DQA1,KALRN
Qwen2.5-7B-Instruct,biomix-qa,95,"Out of the given list, which Gene is associated with myeloproliferative neoplasm and idiopathic pulmonary fibrosis.",TERT,DLEU7
Qwen2.5-7B-Instruct,biomix-qa,96,"Out of the given list, which Gene is associated with Takayasu's arteritis and psoriatic arthritis.",HLA-B,SNTB1
Qwen2.5-7B-Instruct,biomix-qa,97,"Out of the given list, which Variant is associated with autoimmune disease and anti-neutrophil antibody associated vasculitis.",rs6679677,rs7528604
Qwen2.5-7B-Instruct,biomix-qa,98,"Out of the given list, which Gene is associated with diffuse large B-cell lymphoma and myelodysplastic syndrome.",HLA-B,TERT
Qwen2.5-7B-Instruct,biomix-qa,99,"Out of the given list, which Gene is associated with oral cavity cancer and rheumatic heart disease.",HLA-DQB1,ITPA
Qwen2.5-7B-Instruct,sciq,0,"Compounds that are capable of accepting electrons, such as o 2 or f2, are called what?",oxidants,residues
Qwen2.5-7B-Instruct,sciq,1,What term in biotechnology means a genetically exact copy of an organism?,clone,male
Qwen2.5-7B-Instruct,sciq,2,Vertebrata are characterized by the presence of what?,backbone,Thumbs
Qwen2.5-7B-Instruct,sciq,3,What is the height above or below sea level called?,elevation,latitude
Qwen2.5-7B-Instruct,sciq,4,"Ice cores, varves and what else indicate the environmental conditions at the time of their creation?",tree rings,magma
Qwen2.5-7B-Instruct,sciq,5,What chemical signals in plants control different processes?,plant hormones,produce hormones
Qwen2.5-7B-Instruct,sciq,6,"Meiosis is part of the process of gametogenesis, which is the production of what?",sperm and eggs,chromosomes
Qwen2.5-7B-Instruct,sciq,7,Which type of tree is dominant in temperate forests?,deciduous,fungus
Qwen2.5-7B-Instruct,sciq,8,What kind of viscosity is found in long-chain hydrocarbons?,highly viscous,increased viscosity
Qwen2.5-7B-Instruct,sciq,9,Ionic compounds have strong electrostatic attractions between oppositely charged ions in this?,regular array,normal array
Qwen2.5-7B-Instruct,sciq,10,About how tall can mid-ocean ridges be?,about 2 km,about 2 feet
Qwen2.5-7B-Instruct,sciq,11,What are by far the most common type of invertebrate?,insects,corals
Qwen2.5-7B-Instruct,sciq,12,What do waves deposit to form sandbars and barrier islands?,sediments,glaciers
Qwen2.5-7B-Instruct,sciq,13,"Penis, testes, and epididymis are organs in what system?",male reproductive system,virus reproductive system​
Qwen2.5-7B-Instruct,sciq,14,"Only about one percent of plants have lost what ability, turning them into consumers and even predators, instead of producers?",photosynthesis,rooting
Qwen2.5-7B-Instruct,sciq,15,How does a neon light produce visible light?,electroluminescence,luminescence
Qwen2.5-7B-Instruct,sciq,16,The bird ancestor that lived in trees developed what feature commonly associated with birds?,wings,beaks
Qwen2.5-7B-Instruct,sciq,17,What do most living things use to make atp from glucose?,oxygen,carbon
Qwen2.5-7B-Instruct,sciq,18,What are the two most common silicates?,feldspar and quartz,Micas	 and feldspar
Qwen2.5-7B-Instruct,sciq,19,What term means the amount of water vapor in the air?,humidity,pressure
Qwen2.5-7B-Instruct,sciq,20,Paracrine signals move by what method through the extracellular matrix?,diffusion,transfusion
Qwen2.5-7B-Instruct,sciq,21,"Presence of a cell wall, large central vacuole, and organelles called plastids distinguish what type of cell?",plant,reproductive
Qwen2.5-7B-Instruct,sciq,22,What happens when mammals raise their hair with tiny muscles in the skin?,goosebumps,bruising
Qwen2.5-7B-Instruct,sciq,23,What are people with osteoporosis at increased risk of?,bone fractures,growth spurt
Qwen2.5-7B-Instruct,sciq,24,Where is energy stored in a chemical substance?,between atoms,on the surface
Qwen2.5-7B-Instruct,sciq,25,"By the year 2050, 25 percent of the population of the united states will be 60 years of age or older. the cdc estimates that 80 percent of those 60 years and older have one or more chronic disease associated with deficiencies of this?",immune system,respiratory system
Qwen2.5-7B-Instruct,sciq,26,"Upon death of an organism, during composition, what returns to the soil as ammonium ions?",nitrogen,hydrogen
Qwen2.5-7B-Instruct,sciq,27,Most insects reproduce quickly and through what type of reproduction?,sexual reproduction,asexual reproduction
Qwen2.5-7B-Instruct,sciq,28,Digestion of proteins begins with acids in what organ?,stomach,colon
Qwen2.5-7B-Instruct,sciq,29,"Many species of rotifers exhibit haplodiploidy, which is a method of what?",gender determination,digestion
Qwen2.5-7B-Instruct,sciq,30,What is the most abundant metal of the earth's crust?,aluminum,copper
Qwen2.5-7B-Instruct,sciq,31,What is the term for the total kinetic energy of moving particles of matter?,thermal energy,Newton's energy
Qwen2.5-7B-Instruct,sciq,32,What part of the eye allows light to enter?,pupil,iris
Qwen2.5-7B-Instruct,sciq,33,"The body cannot sustain for very long the bursts of energy mediated by epinephrine and norepinephrine, hormones associated with what stress response?",fight-or-flight,do-or-die
Qwen2.5-7B-Instruct,sciq,34,"What system enters the brain stem and influences activity in the cerebellum, spinal cord, and cerebral cortex?",vestibular system,vasculature system
Qwen2.5-7B-Instruct,sciq,35,In what type of animals may a body cavity be present or absent?,triploblastic,bicellular
Qwen2.5-7B-Instruct,sciq,36,Chemical reactions involve a transfer of heat energy. measured in what?,joules,amperes
Qwen2.5-7B-Instruct,sciq,37,Trees and shrubs are example of what type of plant?,perennials,biennial
Qwen2.5-7B-Instruct,sciq,38,"The products of what process are needed for cellular respiration, and vice versa?",photosynthesis,spermatogenesis
Qwen2.5-7B-Instruct,sciq,39,Most fungi get organic compounds from what?,dead organisms,living organisms
Qwen2.5-7B-Instruct,sciq,40,How do very massive stars end their lives?,become red supergiants,consumed by black hole
Qwen2.5-7B-Instruct,sciq,41,Pairs of nitrogenous bases are attached to each other by?,hydrogen bonds,ionic bonds
Qwen2.5-7B-Instruct,sciq,42,Rupture can cause fragments of what to travel via the bloodstream and become lodged in other arteries?,plaque,enamel
Qwen2.5-7B-Instruct,sciq,43,The strength of a base depends on the concentration of _______ it produces when dissolved in water?,hydroxide ions,combustion ions
Qwen2.5-7B-Instruct,sciq,44,The overall voltage of the battery is therefore the sum of ________ of the individual cells.,voltages,weights
Qwen2.5-7B-Instruct,sciq,45,Organisms that live deep in the ocean must be able to withstand what?,extreme water pressure,the sun
Qwen2.5-7B-Instruct,sciq,46,Which system are the brain and spinal cord apart of?,central nervous system,large nervous system
Qwen2.5-7B-Instruct,sciq,47,What are biochemical catalysts that speed up biochemical reactions?,enzymes,inhibitor
Qwen2.5-7B-Instruct,sciq,48,What process can cause harmful alleles to become fixed?,genetic drift,natural selection
Qwen2.5-7B-Instruct,sciq,49,What record shows that dinosaurs originated 200-250 million years ago?,fossil record,biological record
Qwen2.5-7B-Instruct,sciq,50,"What instrument is used to make very sensitive mass measurements in a laboratory, usually in grams?",analytical balance,thermometer
Qwen2.5-7B-Instruct,sciq,51,What is the purpose of bright colors on a flower's petals?,to attract pollinators,to distract predators
Qwen2.5-7B-Instruct,sciq,52,Collateral ganglia controls organs in which cavity in the body?,abdominal,cardiac
Qwen2.5-7B-Instruct,sciq,53,A bee will sometimes do a dance to tell other bees in the hive where to find what?,food,honey
Qwen2.5-7B-Instruct,sciq,54,"The lens focuses light on the retina , which covers the back of the inside of the eye. the retina has light-sensing photoreceptor cells called?",rods and cones,tubes and rods
Qwen2.5-7B-Instruct,sciq,55,"Temperature, water, soil, and air are examples of nonliving factors of an ecosystem, also termed what?",abiotic factors,nucleic factors
Qwen2.5-7B-Instruct,sciq,56,Ibuprofen and albuterol are examples of drugs whose _________ have different effects.,enantiomers,nanoparticles
Qwen2.5-7B-Instruct,sciq,57,"Although magma once filled our moon's craters, what is thought to have ended there over a billion years ago?",volcanic activity,deserts activity
Qwen2.5-7B-Instruct,sciq,58,Sensory nerves carry nerve impulses from sensory receptors to what system?,central nervous,ENDOCRINE SYSTEM
Qwen2.5-7B-Instruct,sciq,59,Which kind of muscle regulates air flow in lungs?,smooth,striated
Qwen2.5-7B-Instruct,sciq,60,What type of bonds are formed by the side-to-side overlap of p orbitals?,pi bonds,sigma bonds
Qwen2.5-7B-Instruct,sciq,61,On what day of the cycle does ovulation usually occur?,14th,17th
Qwen2.5-7B-Instruct,sciq,62,"The majority of animals belong to what category, characterized by the lack of a backbone?",invertebrate,arthropod
Qwen2.5-7B-Instruct,sciq,63,What is another name for the vertebral column?,backbone,pillar
Qwen2.5-7B-Instruct,sciq,64,The temperature at which a substance melts is called its what point?,melting,freezing
Qwen2.5-7B-Instruct,sciq,65,"Oogenesis, which is gametogenesis in females, begins with what type of ste cells?",ovarian,uterian
Qwen2.5-7B-Instruct,sciq,66,Humans are among the most versatile of mammals with what type of diet?,omnivore,herbivore
Qwen2.5-7B-Instruct,sciq,67,Solute potential is also called osmotic potential because solutes affect the direction of what?,osmosis,electrolysis
Qwen2.5-7B-Instruct,sciq,68,"Newton’s second law of what is more than a definition; it is a relationship among acceleration, force, and mass?",motion,interference
Qwen2.5-7B-Instruct,sciq,69,What is the physical transformation of an insect moving through stages of life?,metamorphosis,Growth and Development
Qwen2.5-7B-Instruct,sciq,70,"When equal amounts of a strong acid such as hydrochloric acid are mixed with a strong base such as sodium hydroxide, the result is what kind of solution?",a neutral one,a lateral one
Qwen2.5-7B-Instruct,sciq,71,What are fast moving rivers of air that are going in opposite directions called?,jet streams,burst streams
Qwen2.5-7B-Instruct,sciq,72,"Nephrons, renal tubules and the loop of henle are part of the process of blood filtration by what organs?",kidneys,liver
Qwen2.5-7B-Instruct,sciq,73,"Fungi, such as black bread mold (rhizopus nigricans), have haploid-dominant what?",life cycles,gene pools
Qwen2.5-7B-Instruct,sciq,74,The electrode at which oxidation occurs is called?,the anode,diode
Qwen2.5-7B-Instruct,sciq,75,There are about 6200 known species of what?,amphibians,mammals
Qwen2.5-7B-Instruct,sciq,76,The lens and other parts of the eye work together to focus a real image on what eye structure?,retina,iris
Qwen2.5-7B-Instruct,sciq,77,What is required to move or change matter from one state to another?,energy,gravity
Qwen2.5-7B-Instruct,sciq,78,A food web can be broken up into what further subdivision that usually has a few links in it?,food chain,water chain
Qwen2.5-7B-Instruct,sciq,79,What living species of bird is considered the  largest of the raptors?,golden eagles,peregrine falcon
Qwen2.5-7B-Instruct,sciq,80,What contains positive protons and neutral neutrons?,nucleus,electrons
Qwen2.5-7B-Instruct,sciq,81,"Horny ridges on the jaws serve the same function as what, for turtles?",teeth,taste buds
Qwen2.5-7B-Instruct,sciq,82,Natural gas is the predominately made up of?,methane,carbon
Qwen2.5-7B-Instruct,sciq,83,"Which  organs control the amount of water, ions, and other substances in the blood by excreting more or less of them in urine?",kidneys,lungs
Qwen2.5-7B-Instruct,sciq,84,What unit of measurement is defined to be the number of atoms in 12g of carbon-12?,one mole,one joule
Qwen2.5-7B-Instruct,sciq,85,What involves sensing and focusing light from people and objects?,vision,projection
Qwen2.5-7B-Instruct,sciq,86,"What is a therian mammal in which the embryo is born at an early, immature stage?",a marsupial,bat
Qwen2.5-7B-Instruct,sciq,87,What are fungi which feed on living cells called?,parasitic,static
Qwen2.5-7B-Instruct,sciq,88,What rock group offers the richest source of fossils?,sedimentary,metamorphic
Qwen2.5-7B-Instruct,sciq,89,What is the diffusion of water through a semipermeable membrane down its concentration gradient,osmosis,mirrors
Qwen2.5-7B-Instruct,sciq,90,Isotopes are named for their number of protons plus what?,neutrons,electrons
Qwen2.5-7B-Instruct,sciq,91,Movements in the mantle cause the plates to move over time in a process called what?,continental drift,boundary drift
Qwen2.5-7B-Instruct,sciq,92,"In phyisics, what is considered to be the rotational version of force?",torque,energy
Qwen2.5-7B-Instruct,sciq,93,Skeletal muscles are attached to the skeleton by tough connective tissues called what?,tendons,veins
Qwen2.5-7B-Instruct,sciq,94,What is the ability to see called?,vision,thought
Qwen2.5-7B-Instruct,sciq,95,Which two major innovations allowed seed plants to reproduce in the absence of water?,seed and pollen,salt and pollen
Qwen2.5-7B-Instruct,sciq,96,Water can be broken down into hydrogen and oxygen gases by the addition of what?,energy,mineral
Qwen2.5-7B-Instruct,sciq,97,What anatomical feature is shared by all chordates?,notochord,laxchord
Qwen2.5-7B-Instruct,sciq,98,"With wavelengths from 400-700 nm, what kind of light represents only a very small portion of the spectrum?",visible light,invisible light
Qwen2.5-7B-Instruct,sciq,99,"In humans, the only haploid cells are what reproductive cells?",sperm and egg,sperm and dna
Olmo-3-7B-Instruct,logiqa,0,"Based on the above statement, which of the following can be derived?",Civic Park is north of the administrative service area.,The leisure area is southwest of the cultural area.
Olmo-3-7B-Instruct,logiqa,1,So what are the three young people on business?,"0-year-old accountant, 20-year-old salesperson, 24-year-old salesperson.","0-year-old accountant, 24-year-old salesperson, 24-year-old salesperson."
Olmo-3-7B-Instruct,logiqa,2,"According to the above statement, which of the following can be drawn about this Chinese medicine preparation?",o Shouwu., 白 术.
Olmo-3-7B-Instruct,logiqa,3,Which of the following can best strengthen the above argument.,"If you do not participate in the English tutoring class, you cannot pass the graduate entrance exam.","If you take an English tutoring class, you can pass the graduate entrance exam."
Olmo-3-7B-Instruct,logiqa,4,"According to the above statement, it can be concluded that who is not in the fourth?",Ding.,B.
Olmo-3-7B-Instruct,logiqa,5,"According to the above statement, you can get which of the following?",hang Ming speaks Minnan dialect.,ang Jia can speak Huizhou dialect.
Olmo-3-7B-Instruct,logiqa,6,Which of the following is true will most weaken the above argument.,Some of the newly built houses in Hexi Village are not small property houses.,This newly built house in Hexi Village has been tacitly approved by relevant departments.
Olmo-3-7B-Instruct,logiqa,7,"The result of the match showed that only one argument was correct, so who won the championship?",hanbei.,iangbei.
Olmo-3-7B-Instruct,logiqa,8,Which of the following is the conclusion must be assumed.,"To achieve urbanization, the city must fully absorb the rural population.",The attractiveness of large cities to the rural population in the outside world is significantly lower than that of small and medium-sized cities.
Olmo-3-7B-Instruct,logiqa,9,Which of the following is assumed by the above argument.,"The brain cannot process too much information in detail at the same time, and will only selectively focus on the things most relevant to the behavior.",Researchers have developed a new technology that can directly track the communication between the nerve cortex in the visual cortex and thalamus occipital region.
Olmo-3-7B-Instruct,logiqa,10,Which of the following is true is the best argument against the above argument.,"Although the turnover has increased by 23%, the volume of Chinese buyers has not increased this year.",There are groups of real estate speculators among the wealthy Chinese who have speculated in Beijing and Shanghai.
Olmo-3-7B-Instruct,logiqa,11,Which of the following can best question the above view?,"The microwave only heats the water molecules in the food, the food does not change chemically.",It is also common for developed countries to use microwave ovens.
Olmo-3-7B-Instruct,logiqa,12,"Which one, if true, most doubts the views of the above media.","Many of the cadres counted in the past 20 years are enterprise cadres, which used to include only government officials.","After the founding of New China, more and more children of workers and peasants entered the university."
Olmo-3-7B-Instruct,logiqa,13,"If it is true, can it most support the opinions of the above experts?","After taking lotus leaf products, a layer of fat isolation film is formed on the human intestinal wall, which can effectively prevent the absorption of fat;.",Lotus leaf promotes gastrointestinal motility and clears the body of stool;.
Olmo-3-7B-Instruct,logiqa,14,"Which of the following, if true, most doubts the opinions of the above experts?","Some experts analyzed the fossil's long axis, crown shape, crown lip and tongue surface protrusion and enamel, etc. , that this fossil is not a human incisor fossil, but a deer tooth fossil;.","This tooth fossil was excavated in the red sand layer 20 cm below the calcium plate 110,000 years ago;."
Olmo-3-7B-Instruct,logiqa,15,"Based on the above statement, which of the following can be derived?",Ding is a female doctor.,A is a male doctor;.
Olmo-3-7B-Instruct,logiqa,16,"Based on the above information, regarding the order of the five stations from west to east, which of the following is possible?","Haoyun Station, Yinling Station, Jiushang Station, Fuyi Station, Hu Yao Station;.","Fuyi Station, Hu Yao Station, Jiushang Station, Yinling Station, Haoyun Station;."
Olmo-3-7B-Instruct,logiqa,17,"If Jiushang Station is adjacent to Haoyun Station and east of Haoyun Station, it can be concluded that?",Hu Yao is standing on the east side;.,Yinling is standing on the east side;.
Olmo-3-7B-Instruct,logiqa,18,"If Hao Yun stands to the east of Jiushang Station, you can get?",Haoyun Station is adjacent to Fuyi Station and west of Fuyi Station;.,Yinling Station is adjacent to Fuyi Station and west of Fuyi Station;.
Olmo-3-7B-Instruct,logiqa,19,"If Haoyun Station is adjacent to Yinling Station, you can get?",Jiu Shang standing west of Fuyi Station.,Fuyi standing west of Jiushang Station.
Olmo-3-7B-Instruct,logiqa,20,"Which of the following, if true, can best refute the above argument?","Although the lifespan of the Leeds fish and the whale shark differ greatly, they all reach adulthood around the age of 20, and their body shape is basically fixed.","Although the lifespan of fish is different, their growth stages basically correspond to their juvenile, adult, middle-aged and elderly."
Olmo-3-7B-Instruct,logiqa,21,"Which of the following, if true, will best support the above argument?","The raw materials of these canoes cannot be transported from the distant Yunnan virgin forest, they can only be obtained locally.","The place where the Qi Zhou Qiu Jian story takes place is the Chu area, including south of Xuchang, Henan."
Olmo-3-7B-Instruct,logiqa,22,"Which of the following, if true, best supports the above researchers ’views?","Before the experiment, the mathematics scores of the two groups of students were almost the same.",This non-invasive stimulus is inexpensive and will not cause any pain to the human body.
Olmo-3-7B-Instruct,logiqa,23,"Regarding the overall average price of residential housing in the above three cities, which of the following judgments is wrong?",The overall average price of residential housing in A City is the lowest.,The overall average price of residential housing in A City is the highest.
Olmo-3-7B-Instruct,logiqa,24,Which of the following is most appropriate as a corollary of the above discussion?,"""Y chromosome Adam"" and ""mitochondrial Eve"" were formed in the same period, and ""age"" is close, ""Y chromosome Adam"" may be earlier.","5 years ago, there was only one man ""Adam"" on earth."
Olmo-3-7B-Instruct,logiqa,25,"Which of the following, if true, would best support the above argument?","During the Carboniferous period, the concentration of oxygen in the earth ’s atmosphere was as high as 35%, much higher than the current 21%. At that time, there were many giant insects on the earth, and the wingspan of the dragonfly was close to one meter.","Under the environment with high oxygen content and high air pressure, the tested fruit flies lived to the fifth generation and their body size increased by 20%."
Olmo-3-7B-Instruct,logiqa,26,Which of the following must be selected?,Ren Xiangyang.,Song Kaiwen.
Olmo-3-7B-Instruct,logiqa,27,"If Guo Yanran is selected, which of the following must also be selected?",Qiu Zhijie.,He Zhilian.
Olmo-3-7B-Instruct,logiqa,28,"If He Zhilian is not selected, which of the following is not selected?",Tang Xiaohua.,Song Wenkai.
Olmo-3-7B-Instruct,logiqa,29,"If Tang Xiaohua is selected, which two of the following must be selected?",Fang Rufen and He Zhilian.,Fang Rufen and Guo Yanran.
Olmo-3-7B-Instruct,logiqa,30,"Which of the following, if true, best supports the above-mentioned scientists ’speculation?","Animals dominated by nocturnal activities, generally have larger eyes.",There is no strict proportional relationship between animal vision and orbital size.
Olmo-3-7B-Instruct,logiqa,31,"Which of the following, if true, would best refute the views of ordinary people?","Gene screening is mainly to avoid reproductive defects, this technology brings opportunities for human eugenics and eugenics; as for ""customized babies"", the concept of cloning is more involved, the two should not be confused.","""Artificial"" genetic screening does not rule out that there will be loopholes; in natural conception, the guidelines for survival of the fittest in nature seem to be more subtle and effective."
Olmo-3-7B-Instruct,logiqa,32,Which of the following is true to best refute the above speculation?,There is a huge difference between the process of developing from protein to organic life and the process from organic molecules to protein.,"Some interstellar molecules are not found in the Earth ’s environment, and they are still not available in the laboratory."
Olmo-3-7B-Instruct,logiqa,33,"Which of the following, if true, can best refute the views of the above scientists?","Eight Homo sapiens teeth 400,000 years ago were discovered in the Qesem cave 12 km east of Tel Aviv, Israel.","Modern Homo sapiens, living in the late Paleolithic period, about 40,000 to 10,000 years ago. There are hundreds of places where late Homo sapiens fossils or cultural sites have been found in our country."
Olmo-3-7B-Instruct,logiqa,34,"Which of the following, if true, can best refute the views of the above scientists?",The stars that people can observe may be less than one percent of the real universe.,The earth is not in the center of the universe.
Olmo-3-7B-Instruct,logiqa,35,"In order from bottom to top, which of the following matches the distribution of the above floors?","Finance Department, Planning Department, Administration Department, Human Resources Department, R & D Department, Sales Department.","Sales Department, Finance Department, Planning Department, R & D Department, Human Resources Department, Administration Department."
Olmo-3-7B-Instruct,logiqa,36,"If the Human Resources Department is not at the upper level of the Administration Department, which of the following may be correct?",The sales department is one level above the administrative department.,The sales department is at the next level of the planning department.
Olmo-3-7B-Instruct,logiqa,37,"If the human resources department is not on the top floor, the floors that the R & D department may be on are?",", 6.",", 4, 5."
Olmo-3-7B-Instruct,logiqa,38,"If the Finance Department is on the third level, which of the following may be correct?",The R & D department is on the upper level of the sales department.,The R & D department is on the fifth floor.
Olmo-3-7B-Instruct,logiqa,39,Which of the following may be the two departments where the first and second tiers are located?,R & D Department and Sales Department.,"Finance Department, Sales Department."
Olmo-3-7B-Instruct,logiqa,40,Which of the following is most similar to the above argument?,"Anyone who meets the basic conditions can apply for a small loan. Sun Wen did not apply for a small loan. Therefore, Sun Wen did not meet the basic conditions.","Employees of Jiutian Company can speak English, Lin Yingrui is an employee of Jiutian Company, therefore, Lin Yingrui can speak English."
Olmo-3-7B-Instruct,logiqa,41,"Which of the following, if true, would best refute the above experimental conclusion?",The capsaicin contained in chili can hinder the secretion of a neurotransmitter to a certain extent.,"In this experiment, 5% of the experimenters' discomfort symptoms worsened."
Olmo-3-7B-Instruct,logiqa,42,"Which of the following, if true, can best refute the above argument?",The cave is actually an ancient cemetery and funeral venue.,The entrance to the cave collapsed 5000 years ago.
Olmo-3-7B-Instruct,logiqa,43,"Which of the following, if true, would best support the above research findings?",Elements such as iridium and platinum are peculiar to meteorites and usually only exist in trace amounts on the surface.,The rock was formed after the accumulation layer of the deep seabed in the ancient times exposed above the ground.
Olmo-3-7B-Instruct,logiqa,44,"Regarding the newly recruited researchers of the unit in 2013, which of the following judgments is correct?","All non-graduate PhD students live in the ""Peony Garden"" community.",None of those who live in postdoctoral apartments have deputy senior titles or above.
Olmo-3-7B-Instruct,logiqa,45,"Which of the following, if true, best supports the idea of ​​gradually extending the retirement age?",Many people now find a second career after going through retirement procedures.,"Due to the implementation of the one-child policy for many years, China's aging problem will be more acute than many Western developed countries."
Olmo-3-7B-Instruct,logiqa,46,"Which of the following, if true, would weaken the above argument most?",The online forum is a legal forum.,"In recent years, some people have used rumors online to achieve profit-making purposes."
Olmo-3-7B-Instruct,logiqa,47,Which of the following is most suitable as a corollary of the above discussion.,"China's ""Tianhe 2"" computing speed is clearly ahead of other supercomputers.",Only the United States and China can make supercomputers in the world.
Olmo-3-7B-Instruct,logiqa,48,"Which of the following, if true, would best refute the arguments of the above supporters?","Even if the extinct animals can be resurrected in batches, the habitat suitable for their growth may have long since disappeared. If you can not give heavy organisms a suitable environment for survival, all efforts will be in vain.",Merely cloning an individual of an extinct animal does not mean that humans have the ability to resurrect the entire population.
Olmo-3-7B-Instruct,logiqa,49,Which of the following is most important for evaluating the above conclusion?,Test pregnant women and other women who have enough vitamins in their daily diet to determine whether they lack vitamins.,Test the daily diet of some pregnant women who do not lack vitamins to determine the vitamin content.
Olmo-3-7B-Instruct,logiqa,50,Which of the following conclusions can be drawn from the above conclusions?,An education system that does not allow everyone to enjoy the right to compulsory education is unreasonable.,An education system that guarantees everyone to enjoy compulsory education is reasonable.
Olmo-3-7B-Instruct,logiqa,51,Which of the following is most helpful in eliminating this inconsistency?,Severe investigations of drunk driving have occurred in urban traffic accidents.,The city that implements strict investigation of drunk driving has not eliminated drunk driving.
Olmo-3-7B-Instruct,logiqa,52,The comments of Ukrainian observers are best used to refute which of the following?,"As long as the Ukrainian authorities recognize the special status of the two ""Republic"" territories and the Russian language, and pardon all militia armed participants and political prisoners, the conflict can be resolved.","If the conflict is to be resolved, the Ukrainian authorities must recognize the special status of the two ""Republic"" territories and the Russian language, and pardon all militia armed participants and political prisoners."
Olmo-3-7B-Instruct,logiqa,53,Which of the following can most question the above view?,People's satisfaction with the pursuit of material life depends only on the level of economic development in the region.,"Even in the era when there is no Internet, people can still buy their favorite products through physical stores."
Olmo-3-7B-Instruct,logiqa,54,Which of the following can guarantee the correctness of the above statement?,"Unless it is a university teacher, it is impossible to have a doctorate from a prestigious school and have more than one year of research experience in an overseas research institution.",Some middle school teachers also have doctorate degrees and overseas research experience.
Olmo-3-7B-Instruct,logiqa,55,"If you want to get the conclusion that the plane was hijacked by a terrorist organization, which of the following should be added?","There were no reports of missiles shooting down the passenger plane, and the passenger plane did not malfunction.",The passenger plane malfunctioned and no missiles shot down the passenger plane.
Olmo-3-7B-Instruct,logiqa,56,Which of the following can best question the above research conclusions?,"Most young people who are more satisfied with their lives are born in wealthier families, and all have a good professional background.",It should compare the occupational distribution of the respondents.
Olmo-3-7B-Instruct,logiqa,57,Which of the following is most similar to the above reasoning?,"All heroes can stand the test, so those who cannot stand the test are not heroes.","All the students who failed the bottom-up exam did not review well, so the students who did not review well did not pass."
Olmo-3-7B-Instruct,logiqa,58,Which of the following is most likely the hypothesis of the above argument?,"In the past five years, the amount of food purchased by each household in City W has not changed.","In the past five years, the amount of food purchased by residents of W has increased by 8%."
Olmo-3-7B-Instruct,logiqa,59,Which of the following can best question the decision of the city government?,Private car owners in the city generally have two or more private cars.,"The owners of private cars in the city are generally wealthy, and they do not care about the fines for violations."
Olmo-3-7B-Instruct,logiqa,60,Which of the following means exactly the same as the above assertion?,Undergraduates who do not have the qualifications recommended by their school cannot be exempted from going to Peking University to study for a master's degree.,In addition to Peking University. Undergraduates can also go to other schools to study for a master's degree.
Olmo-3-7B-Instruct,logiqa,61,Which of the following can weaken Lao Zhang ’s suggestion the most?,People can get essential minerals from other foods.,What the human body needs is not just minerals.
Olmo-3-7B-Instruct,logiqa,62,Which of the following best refutes the above argument?,The sales volume only partially reflects the popularity of the book.,The types of life books far exceed the types of science and technology books.
Olmo-3-7B-Instruct,logiqa,63,Which of the following raises the most serious question to the above conclusion?,The vast majority of health care costs are spent on high-tech intensive care for high-risk patients.,"Without increasing costs, our health conditions may also improve."
Olmo-3-7B-Instruct,logiqa,64,Which of the following may be correct?,Only Wang was hired by Tianxuan.,Only Liu was hired by Tian Xuan.
Olmo-3-7B-Instruct,logiqa,65,Which of the following must be correct?,Tianshu hired at most two people.,Zhang and Wang were hired by the same unit.
Olmo-3-7B-Instruct,logiqa,66,"Which of the following is correct, you can determine the employer of each graduate?",Zhang was hired by Tianxuan.,Zhang was hired by Tianshu.
Olmo-3-7B-Instruct,logiqa,67,"If Liu was hired by Tianxuan, which of the following must be wrong?",Zhang was hired by Tianxuan.,Li's employer only hired him.
Olmo-3-7B-Instruct,logiqa,68,"According to this statistic, which of the following must be true?",Any activity organized by a community will involve the elderly in the community.,Some activities organized by the community do not involve the elderly in the community.
Olmo-3-7B-Instruct,logiqa,69,The decision of the academic conference organizing committee is most likely based on which of the following assumptions?,There is always a certain percentage of paper quality in every conference paper submitted.,The academic conference organizing committee can make accurate judgments on the quality of the paper.
Olmo-3-7B-Instruct,logiqa,70,Which of the following can best question the blogger ’s conclusion?,Most people who follow this blogger's article are their loyal fans.,"Although some people agree with his views, they do not agree with his analysis."
Olmo-3-7B-Instruct,logiqa,71,Which of the following can most strongly support the views of the above jurists?,The negative misjudgment rate of each court is basically the same.,The accuracy of handling cases in various courts has improved significantly.
Olmo-3-7B-Instruct,logiqa,72,Which of the following best supports the above argument?,"No matter in what society, scammers always exist.","The greater the greed, the easier it is to be deceived."
Olmo-3-7B-Instruct,logiqa,73,"If only one sentence of the analyst ’s prediction is correct, who is the first?",Ding.,C.
Olmo-3-7B-Instruct,logiqa,74,Which of the following is most similar to the above argument?,"It is wrong to say that inferior gasoline will not cause abnormal fuel consumption. Because inferior gasoline can cause very normal aging of engine valves, and abnormal aging of motive valves can cause abnormal fuel consumption.","It is true that excessive fertilization is the main cause of lawn diseases and insect pests. Because excessive fertilization can cause the grass to grow madly, and the grass that grows madly has little resistance to diseases and insect pests."
Olmo-3-7B-Instruct,logiqa,75,"If the above statement is true, which of the following cannot be true?","Royce failed to represent the German team in the Brazil World Cup due to injury, but he has an excellent performance in the Bundesliga club field, and has been favored by top giants such as Real Madrid and Barcelona in the transfer market.",Dortmund top scorer Lewandowski successfully transferred to Bayern Munich.
Olmo-3-7B-Instruct,logiqa,76,Which of the following conclusions can be made based on the above discussion?,"Datian either does not have real talent, or lacks basic social skills, or fails to accurately locate in the career selection process.","Datian does not have real knowledge and basic social skills, and does not have an accurate positioning."
Olmo-3-7B-Instruct,logiqa,77,Which of the following can guarantee the correctness of the above statement?,All college teachers have a very high level.,Not all college teachers have a high level.
Olmo-3-7B-Instruct,logiqa,78,Which of the following is most similar to the question-making argument?,"Northerners are usually taller than southerners. Marin is the highest in the class, so he must be a northerner.","If the parent has a good education for the child, the child's performance in the school is generally better. Because Wang Zheng's performance in the school is not good, his parents must be poorly educated."
Olmo-3-7B-Instruct,logiqa,79,"Which of the following, if true, would most weaken the above arguments and suggestions?","Avoiding errors in vocabulary, grammar, and punctuation does not necessarily ensure the language quality of the manuscript.","The more effective the Chinese software is, the more likely it is to be pirated."
Olmo-3-7B-Instruct,logiqa,80,Which of the following most appropriately summarizes the loopholes in the above argument?,Not taking into account the proportion of left-handers among all people.,Make a substantive distinction between two types of phenomena that have no substantive difference.
Olmo-3-7B-Instruct,logiqa,81,"Based on the above conclusions, which of the following conclusions is most likely to be drawn?",Petroleum is the energy source of some high-temperature furnaces for making cement.,The price of cement falls as the price of oil rises.
Olmo-3-7B-Instruct,logiqa,82,Which of the following most accurately summarizes the controversial focus of Ms. Zheng and Mr. Hu?,"A city's GDP growth rate is high, is the economic outlook necessarily good?",Is the GDP of Yiyang City greater than that of Hengyuan City?
Olmo-3-7B-Instruct,logiqa,83,"Which of the following, if true, would most weaken the above argument?",Arterial health is not equal to physical health.,Meat contains substances harmful to the human body.
Olmo-3-7B-Instruct,logiqa,84,Which of the following most appropriately summarizes the loopholes in the conclusions of the Peace Foundation?,Ignored this possibility? the funding of the Peace Foundation enabled S Research to have all the ability to switch other funds to weapons research.,Ignore this possibility? S Institute can use weapons from other sources for weapons research.
Olmo-3-7B-Instruct,logiqa,85,"If the following items are true, they can weaken the above argument, except.",The violent and pornographic content published in Purgatory magazine is more moderate in similar magazines.,The advertising cost of the purgatory magazine after the name change is several times higher than before the name change.
Olmo-3-7B-Instruct,logiqa,86,"If the following item is true, can the argument be strengthened most?","Some clients who advertise in other family magazines and so on turn to ""Inferno"" magazine.","The cost and selling price of ""Inferno"" are lower than that of ""Harbour""."
Olmo-3-7B-Instruct,logiqa,87,"Which of the following, if true, would most weaken the above conclusions of the government of Country H?",Last year's dry season in Country H saw unusually large and continuous rainfall.,"Last year, H ’s financial investment to protect the equatorial rainforest was significantly lower than in previous years."
Olmo-3-7B-Instruct,logiqa,88,Which of the following is most likely assumed by the above argument?,Artists who have achieved great achievements cannot be unhappy.,Loneliness is necessary for great painting artists.
Olmo-3-7B-Instruct,logiqa,89,Which of the following most accurately summarizes the method Xiao Wang used to refute Xiao Chen's views?,pointed out that Xiao Chen's argument is clearly lacking in persuasion.,Point out that the key concepts used by Xiao Chen are ambiguous.
Olmo-3-7B-Instruct,logiqa,90,How many guests did Mr. Chen come forward to invite?, guests., guests.
Olmo-3-7B-Instruct,logiqa,91,The logic loophole in the above argument is most similar to the following one?,"Unchecked sex is more likely to be infected with AIDS than checkpoint. However, among people with unchecked sex, only a small percentage of people are infected with AIDS. Therefore, there is no need to emphasize the harm of unchecked sex in the propaganda of AIDS prevention.","Obese people are more likely to suffer from heart disease than people with normal weight. However, obese people make up a very small percentage of our population. Therefore, in our country, there is no need for the medical and health community to emphasize the risk of heart disease."
Olmo-3-7B-Instruct,logiqa,92,"The following assumptions can make the above inference hold, except.",Wang Wu's bonus is higher than Li Si's.,Li Si's bonus is as high as Wang Wu's.
Olmo-3-7B-Instruct,logiqa,93,"Based on the above experiment, which of the following must be true?",No.1 is not Type B and No.2 is not Type A.,Both No.1 and No.2 are type C.
Olmo-3-7B-Instruct,logiqa,94,Which of the following most appropriately points out the loophole of the above argument?,Improperly equate the possibility of a car accident with the seriousness of the car owner ’s injury in the accident.,"Improper assumption? In any car accident, the airbag will automatically open."
Olmo-3-7B-Instruct,logiqa,95,An analogy with which of the following inferences shows that the above inferences are not true?,"Some southerners are not Cantonese. Therefore, not all Cantonese are Southerners.","People in Hunan don't like chili. Therefore, some people who love chili are not Hunanese."
Olmo-3-7B-Instruct,logiqa,96,"If the above determination is true, which of the following must be true?",There are more students with poor grades in the second grade than those with poor grades in the first grade.,The students with good grades in the second grade are less than those with good grades in the first grade.
Olmo-3-7B-Instruct,logiqa,97,"Which of the following, if true, would most weaken the above argument?","Among the patients who died above, the average year of death of the second group was two years earlier than the first group.","Among the above living patients, the second group is older than the first group."
Olmo-3-7B-Instruct,logiqa,98,Kobayashi is most likely to understand the rules of swimming as?,"If you have a deep water certificate, you can enter the deep pool.",You cannot enter the deep pool unless you have a deep water certificate.
Olmo-3-7B-Instruct,logiqa,99,"Which of the following, if true, would most weaken the above argument?","Crocodiles only eat capelin, and capelin is also the main food for seals.","Despite the sharp decrease in the number of crocodiles and the increase in the number of seals, there are still fewer seals in the North Atlantic Ocean than crocodiles."
Olmo-3-7B-Instruct,math-qa,0,a shopkeeper sold an article offering a discount of 5 % and earned a profit of 31.1 % . what would have been the percentage of profit earned if no discount had been offered ?,38,data inadequate
Olmo-3-7B-Instruct,math-qa,1,what will be the difference between simple and compound interest at 14 % per annum on a sum of rs . 1000 after 4 years ?,129,130
Olmo-3-7B-Instruct,math-qa,2,"there are 28 stations between hyderabad and bangalore . how many second class tickets have to be printed , so that a passenger can travel from any station to any other station ?",870,380
Olmo-3-7B-Instruct,math-qa,3,the present population of a town is 3888 . population increase rate is 20 % p . a . find the population of town before 2 years ?,2700,3600
Olmo-3-7B-Instruct,math-qa,4,the triplicate ratio of 1 : 9 is ?,1 : 729,1 : 7
Olmo-3-7B-Instruct,math-qa,5,the sum of all the integers s such that - 26 < s < 24 is,- 49,- 25
Olmo-3-7B-Instruct,math-qa,6,"a full stationary oil tank that is a right circular cylinder has a radius of 100 feet and a height of 25 feet . oil is pumped from the stationary tank to an oil truck that has a tank that is a right circular cylinder until the truck ' s tank is completely filled . if the truck ' s tank has a radius of 6 feet and a height of 10 feet , how far ( in feet ) did the oil level drop in the stationary tank ?",0.036,6
Olmo-3-7B-Instruct,math-qa,7,"each week a restaurant serving mexican food uses the same volume of chili paste , which comes in either 35 - ounce cans or 25 - ounce cans of chili paste . if the restaurant must order 20 more of the smaller cans than the larger cans to fulfill its weekly needs , then how manysmallercans are required to fulfill its weekly needs ?",70,100
Olmo-3-7B-Instruct,math-qa,8,"if n is an integer and 101 n ^ 2 is less than or equal to 10000 , what is the greatest possible value of n ?",9,10
Olmo-3-7B-Instruct,math-qa,9,"a constructor estimates that 10 people can paint mr khans house in 4 days . if he uses 5 people instead of 10 , how long will they take to complete the job ?",8,4
Olmo-3-7B-Instruct,math-qa,10,the population of a town is 8000 . it decreases annually at the rate of 20 % p . a . what will be its population after 3 years ?,4096,5500
Olmo-3-7B-Instruct,math-qa,11,the percentage profit earned by selling an article for rs . 1920 is equal to the percentage loss incurred by selling the same article for rs . 1280 . at what price should the article be sold to make 40 % profit ?,2240,2778
Olmo-3-7B-Instruct,math-qa,12,"running at the same constant rate , 6 identical machines can produce a total of 360 bottles per minute . at this rate , how many bottles could 10 such machines produce in 4 minutes ?",2400,648
Olmo-3-7B-Instruct,math-qa,13,there are 1000 buildings in a street . a sign - maker is contracted to number the houses from 1 to 1000 . how many zeroes will he need ?,192,193
Olmo-3-7B-Instruct,math-qa,14,"a man bought 20 shares of rs . 50 at 5 discount , the rate of dividend being 13 . the rate of interest obtained is :",15 %,66 %
Olmo-3-7B-Instruct,math-qa,15,? % of 360 = 108,30,none of these
Olmo-3-7B-Instruct,math-qa,16,a train 300 m long is running at a speed of 45 km / hr . in what time will it pass a bridge 150 m long ?,36,41
Olmo-3-7B-Instruct,math-qa,17,what is the sum of all digits for the number 10 ^ 29 - 41 ?,257,187
Olmo-3-7B-Instruct,math-qa,18,a train running at the speed of 120 km / hr crosses a pole in 18 seconds . what is the length of the train ?,600,580
Olmo-3-7B-Instruct,math-qa,19,a train 100 meters long completely crosses a 300 meters long bridge in 45 seconds . what is the speed of the train is ?,32 kmph,40 kmph
Olmo-3-7B-Instruct,math-qa,20,"each month a retailer sells 100 identical items . on each item he makes a profit of $ 40 that constitutes 10 % of the item ' s price to the retailer . if the retailer contemplates giving a 5 % discount on the items he sells , what is the least number of items he will have to sell each month to justify the policy of the discount ?",223,221
Olmo-3-7B-Instruct,math-qa,21,"the average age of 15 students of a class is 14 years . out of these , the average age of 5 students is 14 years and that of the other 9 students is 16 years . tee age of the 15 th student is ?",4 years,3 years
Olmo-3-7B-Instruct,math-qa,22,"bookman purchased 55 copies of a new book released recently , 10 of which are hardback and sold for $ 20 each , and rest are paperback and sold for $ 10 each . if 14 copies were sold and the total value of the remaining books was 460 , how many paperback copies were sold ?",9,13
Olmo-3-7B-Instruct,math-qa,23,diana is painting statues . she has 1 / 2 of a gallon of paint remaining . each statue requires 1 / 16 gallon of paint . how many statues can she paint ?,8,19
Olmo-3-7B-Instruct,math-qa,24,"if the price of gasoline increases by 25 % and a driver intends to spend only 20 % more on gasoline , by how much percent should the driver reduce the quantity of gasoline that he buys ?",4 %,6 %
Olmo-3-7B-Instruct,math-qa,25,"an art gallery has only paintings and sculptures . currently , 1 / 3 of the pieces of art are displayed , and 1 / 6 of the pieces on display are sculptures . if 1 / 3 of the pieces not on display are paintings , and 1000 sculptures are not on display , how many pieces of art does the gallery have ?",2250,720
Olmo-3-7B-Instruct,math-qa,26,"john and ingrid pay 30 % and 40 % tax annually , respectively . if john makes $ 60000 and ingrid makes $ 72000 , what is their combined tax rate ?",35.6 %,35 %
Olmo-3-7B-Instruct,math-qa,27,the lenght of a room is 5.5 m and width is 4 m . find the cost of paving the floor by slabs at the rate of rs . 900 per sq . metre .,s . 19,s . 17
Olmo-3-7B-Instruct,math-qa,28,"a factory that employs 1000 assembly line workers pays each of these workers $ 5 per hour for the first 40 hours worked during a week and 1 ½ times that rate for hours worked in excess of 40 . what was the total payroll for the assembly - line workers for a week in which 30 percent of them worked 15 hours , 50 percent worked 40 hours , and the rest worked 50 hours ?",$ 177,$ 190
Olmo-3-7B-Instruct,math-qa,29,a corporation double its annual bonus to 100 of its employees . what percent of the employees ’ new bonus is the increase ?,50 %,12 %
Olmo-3-7B-Instruct,math-qa,30,a and b together do a work in 20 days . b and c together in 15 days and c and a in 12 days . then b alone can finish same work in how many days ?,60,45
Olmo-3-7B-Instruct,math-qa,31,"two trains of equal length , running with the speeds of 60 and 16 kmph , take 50 seconds to cross each other while they are running in the same direction . what time will they take to cross each other if they are running in opposite directions ?",13.15,77.2
Olmo-3-7B-Instruct,math-qa,32,calculate the ratio between x and y if 30 % of x equal to 50 % of y ?,3 : 5,3 : 7
Olmo-3-7B-Instruct,math-qa,33,"three walls have wallpaper covering a combined area of 300 square meters . by overlapping the wallpaper to cover a wall with an area of 180 square meters , the area that is covered by exactly two layers of wallpaper is 34 square meters . what is the area that is covered with three layers of wallpaper ?",43 square meters,120 square meters
Olmo-3-7B-Instruct,math-qa,34,"a meeting has to be conducted with 6 managers . find the number of ways in which the managers may be selected from among 9 managers , if there are 2 managers who refuse to attend the meeting together .",49,40
Olmo-3-7B-Instruct,math-qa,35,a trader bought a car at 20 % discount on its original price . he sold it at a 40 % increase on the price he bought it . what percent of profit did he make on the original price ?,12 %,19 %
Olmo-3-7B-Instruct,math-qa,36,what is the unit digit in the product ( 3 ^ 65 x 6 ^ 59 x 7 ^ 71 ) ?,4,32
Olmo-3-7B-Instruct,math-qa,37,"a start walking from a place at a uniform speed of 6 kmph in a particular direction . after half an hour , b starts from the same place and walks in the same direction as a at a uniform speed and overtakes a after 1 hour 48 minutes . find the speed of b .",6.6 kmph,4 kmph
Olmo-3-7B-Instruct,math-qa,38,"oak street begins at pine street and runs directly east for 2 kilometers until it ends when it meets maple street . oak street is intersected every 400 meters by a perpendicular street , and each of those streets other than pine street and maple street is given a number beginning at 1 st street ( one block east of pine street ) and continuing consecutively ( 2 nd street , 3 rd street , etc . . . ) until the highest - numbered street one block west of maple street . what is the highest - numbered street that intersects oak street ?",4 th,7 th
Olmo-3-7B-Instruct,math-qa,39,"50 percent of the members of a study group are women , and 30 percent of those women are lawyers . if one member of the study group is to be selected at random , what is the probability that the member selected is a woman lawyer ?",0.15,0.35
Olmo-3-7B-Instruct,math-qa,40,"the cross - section of a cannel is a trapezium in shape . if the cannel is 14 m wide at the top and 8 m wide at the bottom and the area of cross - section is 550 sq m , the depth of cannel is ?",50,76
Olmo-3-7B-Instruct,math-qa,41,kim finds a 4 - meter tree branch and marks it off in thirds and fifths . she then breaks the branch along all the markings and removes one piece of every distinct length . what fraction of the original branch remains ?,3 / 5,1 / 2
Olmo-3-7B-Instruct,math-qa,42,"$ 350 is divided among a , b , and c so that a receives half as much as b , and b receives half as much as c . how much money is c ' s share ?",$ 250,$ 300
Olmo-3-7B-Instruct,math-qa,43,"in an it company , there are a total of 90 employees including 50 programmers . the number of male employees is 80 , including 35 male programmers . how many employees must be selected to guaranty that we have 3 programmers of the same sex ?",45,65
Olmo-3-7B-Instruct,math-qa,44,"the cost of one photocopy is $ 0.02 . however , a 25 % discount is offered on orders of more than 100 photocopies . if arthur and david have to make 80 copies each , how much will each of them save if they submit a single order of 160 copies ?",$ 0.40,$ 0.45
Olmo-3-7B-Instruct,math-qa,45,( 3 x + 1 ) ( 2 x - 5 ) = ax ^ 2 + kx + n . what is the value of a - n + k ?,14,8
Olmo-3-7B-Instruct,math-qa,46,"if 6 men and 8 women can do a piece of work in 10 days while 26 men and 48 women can do the same in 2 days , the time taken by 15 men and 20 women in doing the same type of work will be ?",4,8
Olmo-3-7B-Instruct,math-qa,47,the maximum number of students among them 1345 pens and 775 pencils can be distributed in such a way that each student gets the same number of pens and same number of pencils is :,5,10
Olmo-3-7B-Instruct,math-qa,48,"a sum of rs . 1360 has been divided among a , b and c such that a gets 2 / 3 of what b gets and b gets 1 / 4 of what c gets . b ' s share is :",rs . 240,rs . 500
Olmo-3-7B-Instruct,math-qa,49,"how many cuboids of length 5 m , width 3 m and height 2 m can be farmed from a cuboid of 18 m length , 15 m width and 2 m height .",108,101
Olmo-3-7B-Instruct,math-qa,50,two - third of a positive number and 16 / 216 of its reciprocal are equal . find the positive number .,4 / 12,4 / 17
Olmo-3-7B-Instruct,math-qa,51,"find large number from below question the difference of two numbers is 1365 . on dividing the larger number by the smaller , we get 6 as quotient and the 15 as remainder",1635,1346
Olmo-3-7B-Instruct,math-qa,52,the average of first three prime numbers greater than 5 is ?,10.3,12.7
Olmo-3-7B-Instruct,math-qa,53,"in a recent election , james received 0.5 percent of the 2,000 votes cast . to win the election , a candidate needed to receive more than 50 percent of the vote . how many additional votes would james have needed to win the election ?",991,990
Olmo-3-7B-Instruct,math-qa,54,"if 12 : 8 : : x : 16 , then find the value of x",24,16
Olmo-3-7B-Instruct,math-qa,55,what least number must be subtracted from 3832 so that the remaining number is divisible by 5 ?,2,5
Olmo-3-7B-Instruct,math-qa,56,find the length of the wire required to go 14 times round a square field containing 5625 m 2 .,4200,15840
Olmo-3-7B-Instruct,math-qa,57,"how many bricks , each measuring 25 cm x 11.25 cm x 6 cm , will be needed to build a wall of 1 m x 2 m x 20 cm ?",237,5600
Olmo-3-7B-Instruct,math-qa,58,"spanish language broadcast records last 90 min on each of two sides . if it takes 3 hours to translate one hour of broadcast , how long will it take to translate 16 full records ?",144 hours,154 hours
Olmo-3-7B-Instruct,math-qa,59,a began business with rs . 45000 and was joined afterwards by b with rs . 5400 . when did b join if the profits at the end of the year were divided in the ratio of 2 : 1 ?,7,5
Olmo-3-7B-Instruct,math-qa,60,"a can do a piece of work in 4 hours ; b and c together can do it in 3 hours , which a and c together can do it in 2 hours . how long will b alone take to do it ?",12 hours,74 hours
Olmo-3-7B-Instruct,math-qa,61,how many seconds will a 650 meter long train moving with a speed of 63 km / hr take to cross a man walking with a speed of 3 km / hr in the direction of the train ?,39,18
Olmo-3-7B-Instruct,math-qa,62,today is thursday . i came home from a trip 3 days before the day after last monday . how many days have i been home ?,6 days,7 days
Olmo-3-7B-Instruct,math-qa,63,"an article is bought for rs . 675 and sold for rs . 1100 , find the gain percent ?",63 %,65 %
Olmo-3-7B-Instruct,math-qa,64,"in one hour , a boat goes 19 km along the stream and 5 km against the stream . the speed of the boat in still water ( in km / hr ) is :",12,4
Olmo-3-7B-Instruct,math-qa,65,"a salesperson received a commission of 3 percent of the sale price for each of the first 100 machines that she sold and 4 percent of the sale price for each machine that she sold after the first 100 . if the sale price of each machine was $ 10,000 and the salesperson received a $ 45,000 commission , how many machines did she sell ?",140,120
Olmo-3-7B-Instruct,math-qa,66,solve the equation for x : 6 x - 27 + 3 x = 4 + 9 - x,4,5
Olmo-3-7B-Instruct,math-qa,67,a profit of rs . 900 is divided between x and y in the ratio of 1 / 2 : 1 / 3 . what is the difference between their profit shares ?,s . 180,s . 90
Olmo-3-7B-Instruct,math-qa,68,"a is two years older than b who is twice as old as c . if the total of the ages of a , b and c be 27 , the how old is b ?",10,8
Olmo-3-7B-Instruct,math-qa,69,"calculate the share of y , if rs . 2880 is divided among x , y and z in the ratio 3 : 5 : 8 ?",540,560
Olmo-3-7B-Instruct,math-qa,70,"3 years ago , paula was 3 times as old as karl . in 9 years , paula will be twice as old as karl . what is the sum of their ages now ?",54,50
Olmo-3-7B-Instruct,math-qa,71,a train running at the speed of 50 km / hr crosses a post in 4 seconds . what is the length of the train ?,60,90
Olmo-3-7B-Instruct,math-qa,72,"if soundharya rows 49 km upstream and 77 km down steam taking 7 hours each , then the speed of the stream",2 kmph,4 kmph
Olmo-3-7B-Instruct,math-qa,73,the digital sum of a number is the sum of its digits . for how many of the positive integers 24 - 140 inclusive is the digital sum a multiple of 7 ?,15,7
Olmo-3-7B-Instruct,math-qa,74,the ratio of 2 numbers is 2 : 5 and their h . c . f . is 6 . their l . c . m . is ?,60,52
Olmo-3-7B-Instruct,math-qa,75,"20 beavers , working together in a constant pace , can build a dam in 6 hours . how many hours will it take 12 beavers that work at the same pace , to build the same dam ?",10 .,5 .
Olmo-3-7B-Instruct,math-qa,76,"if a student loses 6 kilograms , he will weigh twice as much as his sister . together they now weigh 126 kilograms . what is the student ' s present weight in kilograms ?",86,90
Olmo-3-7B-Instruct,math-qa,77,a person buys an article at rs . 575 . at what price should he sell the article so as to make a profit of 15 % ?,661.25,600
Olmo-3-7B-Instruct,math-qa,78,"two consultants can type up a report in 12.5 hours and edit it in 7.5 hours . if mary needs 30 hours to type the report and jim needs 12 hours to edit it alone , how many t hours will it take if jim types the report and mary edits it immediately after he is done ?",41.4,34.1
Olmo-3-7B-Instruct,math-qa,79,"an amount of rs . 1638 was divided among a , b and c , in the ratio 1 / 2 : 1 / 3 : 1 / 4 . find the share of a ?",756,745
Olmo-3-7B-Instruct,math-qa,80,what least value should be replaced by * in 2551112 * so the number become divisible by 6,4,5
Olmo-3-7B-Instruct,math-qa,81,what number is obtained by adding the units digits of 734 ^ 100 and 347 ^ 83 ?,9,7
Olmo-3-7B-Instruct,math-qa,82,"in two triangles , the ratio of the areas is 4 : 3 and the ratio of their heights is 3 : 4 . find the ratio of their bases .",16 : 9',7 : 9'
Olmo-3-7B-Instruct,math-qa,83,a trader sells 40 metres of cloth for rs . 8200 at a profit of rs . 15 per metre of cloth . how much profit will the trder earn on 40 metres of cloth ?,rs . 600,rs . 950
Olmo-3-7B-Instruct,math-qa,84,what is the probability of drawing a queen from a deck of 52 cards ?,1 / 13,2 / 13
Olmo-3-7B-Instruct,math-qa,85,a thief goes away with a santro car at a speed of 50 kmph . the theft has been discovered after half an hour and the owner sets off in a bike at 60 kmph when will the owner over take the thief from the start ?,a ) 2,d ) 5
Olmo-3-7B-Instruct,math-qa,86,the average weight of 18 boys in a class is 50.25 kg and that of the remaining 8 boys is 45.15 kg . find the average weights of all the boys in the class .,48.68077,50
Olmo-3-7B-Instruct,math-qa,87,"how many words , with or without meaning , can be formed using all letters of the word good using each letter exactly once ?",24,18
Olmo-3-7B-Instruct,math-qa,88,"in right triangle abc , ac is the hypotenuse . if ac is 40 and ab + bc = 60 , what is the area of the triangle abc ?",500,450
Olmo-3-7B-Instruct,math-qa,89,the ratio of the area of a square to that of the square drawn on its diagonal is,1 : 2,1 : 7
Olmo-3-7B-Instruct,math-qa,90,a 4 digit number divisible by 7 becomes divisible by 3 when 19 is added to it . the largest such number is :,4487,4461
Olmo-3-7B-Instruct,math-qa,91,what is the probability for a family with 3 children to have a girl and two boys ( assuming the probability of having a boy or a girl is equal ) ?,3 / 8,1 / 8
Olmo-3-7B-Instruct,math-qa,92,"a manufacturer produces a certain men ' s athletic shoe in integer sizes from 8 to 17 . for this particular shoe , each unit increase in size corresponds to a 1 / 5 - inch increase in the length of the shoe . if the largest size of this shoe is 30 % longer than the smallest size , how long , in inches , is the shoe in size 15 ?",7.4,8.6
Olmo-3-7B-Instruct,math-qa,93,if x + | x | + y = 7 and x + | y | - y = 5 what is x + y = ?,5,3
Olmo-3-7B-Instruct,math-qa,94,a 240 m long train running at the speed of 120 km / hr crosses another train running in opposite direction at the speed of 80 km / hr in 9 sec . what is the length of the other train ?,260,240
Olmo-3-7B-Instruct,math-qa,95,"34 . the side surface of a cylinder is rolled with a rectangular plate . if the perimeter of the circular base is 9 feet , and the diagonal of the rectangular plate was 15 ft . what is height of the of the cylinder ?",12',15'
Olmo-3-7B-Instruct,math-qa,96,what quantity of water should be added to reduce 9 liters of 50 % acidic liquid to 30 % acidic liquid ?,6 liters,10 liters
Olmo-3-7B-Instruct,math-qa,97,"a man gains 20 % by selling an article for a certain price . if the sells it at double the price , the percentage of profit will be :",178,277
Olmo-3-7B-Instruct,math-qa,98,"the average weight of 20 persons sitting in a boat had some value . a new person added to them whose weight was 46 kg only . due to his arrival , the average weight of all the persons decreased by 5 kg . find the average weight of first 20 persons ?",59,57
Olmo-3-7B-Instruct,math-qa,99,"a and b can together finish a work in 40 days . they worked together for 10 days and then b left . after another 18 days , a finished the remaining work . in how many days a alone can finish the job ?",24,20
Olmo-3-7B-Instruct,biomix-qa,0,"Out of the given list, which Gene is associated with head and neck cancer and uveal melanoma.",CACNA2D1,TERT
Olmo-3-7B-Instruct,biomix-qa,1,"Out of the given list, which Gene is associated with male breast cancer and urticaria.",RAD51B,PHGDH
Olmo-3-7B-Instruct,biomix-qa,2,"Out of the given list, which Gene is associated with myeloproliferative neoplasm and interstitial lung disease.",TERT,CLDN14
Olmo-3-7B-Instruct,biomix-qa,3,"Out of the given list, which Gene is associated with myelodysplastic syndrome and psoriasis.",HLA-B,PTPN22
Olmo-3-7B-Instruct,biomix-qa,4,"Out of the given list, which Gene is associated with cervix carcinoma and autoimmune hepatitis.",HLA-DQA1,CHST11
Olmo-3-7B-Instruct,biomix-qa,5,"Out of the given list, which Gene is associated with autoimmune hepatitis and membranous glomerulonephritis.",HLA-DQA1,KITLG
Olmo-3-7B-Instruct,biomix-qa,6,"Out of the given list, which Gene is associated with interstitial lung disease and triple-receptor negative breast cancer.",TERT,FER
Olmo-3-7B-Instruct,biomix-qa,7,"Out of the given list, which Gene is associated with herpes zoster and psoriatic arthritis.",HLA-B,ATG5
Olmo-3-7B-Instruct,biomix-qa,8,"Out of the given list, which Variant is associated with collagenous colitis and autoimmune hepatitis.",rs2187668,rs6426833
Olmo-3-7B-Instruct,biomix-qa,9,"Out of the given list, which Gene is associated with myositis and Sjogren's syndrome.",STAT4,FTO
Olmo-3-7B-Instruct,biomix-qa,10,"Out of the given list, which Gene is associated with liver cirrhosis and uveal melanoma.",CACNA2D1,SULT1B1
Olmo-3-7B-Instruct,biomix-qa,11,"Out of the given list, which Gene is associated with membranous glomerulonephritis and cutaneous lupus erythematosus.",HLA-DQA1,CRTC1
Olmo-3-7B-Instruct,biomix-qa,12,"Out of the given list, which Gene is associated with nephrotic syndrome and oral cavity cancer.",HLA-DQB1,SLC14A2
Olmo-3-7B-Instruct,biomix-qa,13,"Out of the given list, which Gene is associated with duodenal ulcer and atrophic gastritis.",PSCA,GATA3
Olmo-3-7B-Instruct,biomix-qa,14,"Out of the given list, which Gene is associated with cocaine dependence and androgenic alopecia.",SLC14A2,ATG5
Olmo-3-7B-Instruct,biomix-qa,15,"Out of the given list, which Gene is associated with autoimmune hepatitis and collagenous colitis.",HLA-DQA1,KALRN
Olmo-3-7B-Instruct,biomix-qa,16,"Out of the given list, which Gene is associated with duodenal ulcer and gastric fundus cancer.",PSCA,BTC
Olmo-3-7B-Instruct,biomix-qa,17,"Out of the given list, which Gene is associated with interstitial lung disease and idiopathic pulmonary fibrosis.",TERT,ATXN2
Olmo-3-7B-Instruct,biomix-qa,18,"Out of the given list, which Gene is associated with rheumatoid arthritis and myositis.",PTPN22,BARD1
Olmo-3-7B-Instruct,biomix-qa,19,"Out of the given list, which Gene is associated with dengue hemorrhagic fever and intracranial aneurysm.",RP1,TLR1
Olmo-3-7B-Instruct,biomix-qa,20,"Out of the given list, which Gene is associated with ulcerative colitis and ankylosing spondylitis.",IL23R,ALDH1A2
Olmo-3-7B-Instruct,biomix-qa,21,"Out of the given list, which Gene is associated with myelodysplastic syndrome and psoriatic arthritis.",HLA-B,BTNL2
Olmo-3-7B-Instruct,biomix-qa,22,"Out of the given list, which Gene is associated with ankylosing spondylitis and inflammatory bowel disease.",IL23R,YLPM1
Olmo-3-7B-Instruct,biomix-qa,23,"Out of the given list, which Gene is associated with duodenal ulcer and malaria.",ABO,IGF1R
Olmo-3-7B-Instruct,biomix-qa,24,"Out of the given list, which Gene is associated with diffuse large B-cell lymphoma and psoriasis.",HLA-B,ERAP1
Olmo-3-7B-Instruct,biomix-qa,25,"Out of the given list, which Gene is associated with focal epilepsy and epilepsy.",SCN1A,LRMDA
Olmo-3-7B-Instruct,biomix-qa,26,"Out of the given list, which Gene is associated with lung small cell carcinoma and cervix carcinoma.",ADGRV1,CACNA1D
Olmo-3-7B-Instruct,biomix-qa,27,"Out of the given list, which Gene is associated with neuromyelitis optica and neurotic disorder.",TNXB,GATA3
Olmo-3-7B-Instruct,biomix-qa,28,"Out of the given list, which Gene is associated with psoriasis and myelodysplastic syndrome.",HLA-B,CHEK2
Olmo-3-7B-Instruct,biomix-qa,29,"Out of the given list, which Gene is associated with mature B-cell neoplasm and cocaine dependence.",SLC14A2,SCN1A
Olmo-3-7B-Instruct,biomix-qa,30,"Out of the given list, which Gene is associated with neurotic disorder and neuromyelitis optica.",TNXB,STAT4
Olmo-3-7B-Instruct,biomix-qa,31,"Out of the given list, which Gene is associated with differentiated thyroid gland carcinoma and hypothyroidism.",VAV3,HLA-DQA1
Olmo-3-7B-Instruct,biomix-qa,32,"Out of the given list, which Gene is associated with myelodysplastic syndrome and herpes zoster.",HLA-B,DTNB
Olmo-3-7B-Instruct,biomix-qa,33,"Out of the given list, which Variant is associated with vitiligo and rheumatoid arthritis.",rs2476601,rs78378222
Olmo-3-7B-Instruct,biomix-qa,34,"Out of the given list, which Gene is associated with central nervous system cancer and triple-receptor negative breast cancer.",TERT,CAPN14
Olmo-3-7B-Instruct,biomix-qa,35,"Out of the given list, which Gene is associated with systemic scleroderma and Sjogren's syndrome.",STAT4,SLC14A2
Olmo-3-7B-Instruct,biomix-qa,36,"Out of the given list, which Gene is associated with autoimmune hepatitis and oropharynx cancer.",HLA-DQB1,BTBD9
Olmo-3-7B-Instruct,biomix-qa,37,"Out of the given list, which Gene is associated with oropharynx cancer and rheumatic heart disease.",HLA-DQB1,DENND1A
Olmo-3-7B-Instruct,biomix-qa,38,"Out of the given list, which Variant is associated with cutaneous lupus erythematosus and autoimmune hepatitis.",rs2187668,rs1937450
Olmo-3-7B-Instruct,biomix-qa,39,"Out of the given list, which Gene is associated with age related macular degeneration and Kuhnt-Junius degeneration.",CFH,VAV3
Olmo-3-7B-Instruct,biomix-qa,40,"Out of the given list, which Gene is associated with androgenic alopecia and mature B-cell neoplasm.",SLC14A2,TTLL5
Olmo-3-7B-Instruct,biomix-qa,41,"Out of the given list, which Variant is associated with aortic stenosis and large artery stroke.",rs10455872,rs229541
Olmo-3-7B-Instruct,biomix-qa,42,"Out of the given list, which Gene is associated with pancreatic carcinoma and malaria.",ABO,KAT2B
Olmo-3-7B-Instruct,biomix-qa,43,"Out of the given list, which Gene is associated with gastric fundus cancer and duodenal ulcer.",PSCA,EML4
Olmo-3-7B-Instruct,biomix-qa,44,"Out of the given list, which Gene is associated with estrogen-receptor negative breast cancer and squamous cell carcinoma.",BRCA2,HLA-DPB1
Olmo-3-7B-Instruct,biomix-qa,45,"Out of the given list, which Gene is associated with allergic rhinitis and Takayasu's arteritis.",HLA-B,PNPLA3
Olmo-3-7B-Instruct,biomix-qa,46,"Out of the given list, which Gene is associated with triple-receptor negative breast cancer and interstitial lung disease.",TERT,AFAP1
Olmo-3-7B-Instruct,biomix-qa,47,"Out of the given list, which Gene is associated with estrogen-receptor negative breast cancer and triple-receptor negative breast cancer.",TERT,HOXD3
Olmo-3-7B-Instruct,biomix-qa,48,"Out of the given list, which Gene is associated with myositis and systemic scleroderma.",STAT4,CLPTM1L
Olmo-3-7B-Instruct,biomix-qa,49,"Out of the given list, which Gene is associated with ulcerative colitis and inflammatory bowel disease.",IL23R,DNMT3A
Olmo-3-7B-Instruct,biomix-qa,50,"Out of the given list, which Gene is associated with collagenous colitis and membranous glomerulonephritis.",HLA-DQA1,CASZ1
Olmo-3-7B-Instruct,biomix-qa,51,"Out of the given list, which Gene is associated with thyroid gland papillary carcinoma and hypothyroidism.",VAV3,FAM227B
Olmo-3-7B-Instruct,biomix-qa,52,"Out of the given list, which Variant is associated with anti-neutrophil antibody associated vasculitis and autoimmune disease.",rs6679677,rs6679677
Olmo-3-7B-Instruct,biomix-qa,53,"Out of the given list, which Gene is associated with immunoglobulin alpha deficiency and cutaneous lupus erythematosus.",HLA-DQA1,FER
Olmo-3-7B-Instruct,biomix-qa,54,"Out of the given list, which Gene is associated with psoriatic arthritis and Takayasu's arteritis.",HLA-B,PHGDH
Olmo-3-7B-Instruct,biomix-qa,55,"Out of the given list, which Variant is associated with keratinocyte carcinoma""@e and autoimmune disease.",rs72928038,rs7523907
Olmo-3-7B-Instruct,biomix-qa,56,"Out of the given list, which Variant is associated with age-related hearing impairment and keratinocyte carcinoma""@e.",rs1126809,rs2503199
Olmo-3-7B-Instruct,biomix-qa,57,"Out of the given list, which Gene is associated with periodontitis and primary angle-closure glaucoma.",EPDR1,TYR
Olmo-3-7B-Instruct,biomix-qa,58,"Out of the given list, which Gene is associated with age related macular degeneration and kidney disease.",CFH,RAD51B
Olmo-3-7B-Instruct,biomix-qa,59,"Out of the given list, which Variant is associated with duodenal ulcer and atrophic gastritis.",rs2294008,rs755383
Olmo-3-7B-Instruct,biomix-qa,60,"Out of the given list, which Variant is associated with skin sensitivity to sun and age-related hearing impairment.",rs1126809,rs4149909
Olmo-3-7B-Instruct,biomix-qa,61,"Out of the given list, which Gene is associated with hypothyroidism and differentiated thyroid gland carcinoma.",VAV3,PNPLA3
Olmo-3-7B-Instruct,biomix-qa,62,"Out of the given list, which Gene is associated with membranous glomerulonephritis and autoimmune hepatitis.",HLA-DQA1,BTC
Olmo-3-7B-Instruct,biomix-qa,63,"Out of the given list, which Gene is associated with psoriasis and diffuse large B-cell lymphoma.",HLA-B,BRCA2
Olmo-3-7B-Instruct,biomix-qa,64,"Out of the given list, which Gene is associated with Sjogren's syndrome and systemic scleroderma.",STAT4,BTN3A1
Olmo-3-7B-Instruct,biomix-qa,65,"Out of the given list, which Gene is associated with lung carcinoma and triple-receptor negative breast cancer.",TERT,WNT10A
Olmo-3-7B-Instruct,biomix-qa,66,"Out of the given list, which Variant is associated with Crohn's disease and ankylosing spondylitis.",rs11209026,rs11712066
Olmo-3-7B-Instruct,biomix-qa,67,"Out of the given list, which Gene is associated with rheumatic heart disease and oral cavity cancer.",HLA-DQB1,SYT14
Olmo-3-7B-Instruct,biomix-qa,68,"Out of the given list, which Gene is associated with allergic rhinitis and myelodysplastic syndrome.",HLA-B,ATXN2
Olmo-3-7B-Instruct,biomix-qa,69,"Out of the given list, which Gene is associated with lung carcinoma and interstitial lung disease.",TERT,ALDH1A2
Olmo-3-7B-Instruct,biomix-qa,70,"Out of the given list, which Variant is associated with Kuhnt-Junius degeneration and age related macular degeneration.",rs10490924,rs4072037
Olmo-3-7B-Instruct,biomix-qa,71,"Out of the given list, which Gene is associated with autoimmune hepatitis and oral cavity cancer.",HLA-DQB1,CACNA2D1
Olmo-3-7B-Instruct,biomix-qa,72,"Out of the given list, which Gene is associated with pancreatic carcinoma and oral cavity cancer.",CLPTM1L,CRTC1
Olmo-3-7B-Instruct,biomix-qa,73,"Out of the given list, which Variant is associated with rheumatoid arthritis and vitiligo.",rs2476601,rs7176508
Olmo-3-7B-Instruct,biomix-qa,74,"Out of the given list, which Variant is associated with central nervous system cancer and lung adenocarcinoma.",rs2736100,rs2187668
Olmo-3-7B-Instruct,biomix-qa,75,"Out of the given list, which Gene is associated with cervix carcinoma and membranous glomerulonephritis.",HLA-DQA1,DTNB
Olmo-3-7B-Instruct,biomix-qa,76,"Out of the given list, which Gene is associated with Hodgkin's lymphoma and Hodgkin's lymphoma, nodular sclerosis.",GATA3,XBP1
Olmo-3-7B-Instruct,biomix-qa,77,"Out of the given list, which Gene is associated with idiopathic pulmonary fibrosis and lung carcinoma.",TERT,SULT1B1
Olmo-3-7B-Instruct,biomix-qa,78,"Out of the given list, which Gene is associated with lung carcinoma and central nervous system cancer.",TERT,PTPN22
Olmo-3-7B-Instruct,biomix-qa,79,"Out of the given list, which Gene is associated with allergic rhinitis and psoriasis.",HLA-B,MYH7
Olmo-3-7B-Instruct,biomix-qa,80,"Out of the given list, which Gene is associated with Barrett's esophagus and esophagus adenocarcinoma.",CRTC1,HLA-B
Olmo-3-7B-Instruct,biomix-qa,81,"Out of the given list, which Variant is associated with atrophic gastritis and gastric fundus cancer.",rs2294008,rs35705950
Olmo-3-7B-Instruct,biomix-qa,82,"Out of the given list, which Gene is associated with Hodgkin's lymphoma, nodular sclerosis and Hodgkin's lymphoma.",GATA3,TM6SF2
Olmo-3-7B-Instruct,biomix-qa,83,"Out of the given list, which Gene is associated with estrogen-receptor negative breast cancer and myeloproliferative neoplasm.",TERT,BRCA2
Olmo-3-7B-Instruct,biomix-qa,84,"Out of the given list, which Gene is associated with lung adenocarcinoma and central nervous system cancer.",TERT,STAT4
Olmo-3-7B-Instruct,biomix-qa,85,"Out of the given list, which Variant is associated with triple-receptor negative breast cancer and uterine fibroid.",rs78378222,rs4459895
Olmo-3-7B-Instruct,biomix-qa,86,"Out of the given list, which Variant is associated with male breast cancer and breast carcinoma.",rs3803662,rs10488631
Olmo-3-7B-Instruct,biomix-qa,87,"Out of the given list, which Variant is associated with Kawasaki disease and inflammatory bowel disease.",rs1801274,rs3757318
Olmo-3-7B-Instruct,biomix-qa,88,"Out of the given list, which Gene is associated with central nervous system cancer and lung carcinoma.",TERT,BTN2A1
Olmo-3-7B-Instruct,biomix-qa,89,"Out of the given list, which Gene is associated with cervix carcinoma and immunoglobulin alpha deficiency.",HLA-DQA1,CFH
Olmo-3-7B-Instruct,biomix-qa,90,"Out of the given list, which Gene is associated with interstitial lung disease and central nervous system cancer.",TERT,GTF2I
Olmo-3-7B-Instruct,biomix-qa,91,"Out of the given list, which Gene is associated with estrogen-receptor negative breast cancer and central nervous system cancer.",TERT,FER
Olmo-3-7B-Instruct,biomix-qa,92,"Out of the given list, which Gene is associated with duodenal ulcer and pancreatic carcinoma.",ABO,CFH
Olmo-3-7B-Instruct,biomix-qa,93,"Out of the given list, which Gene is associated with oropharynx cancer and autoimmune hepatitis.",HLA-DQB1,C9
Olmo-3-7B-Instruct,biomix-qa,94,"Out of the given list, which Gene is associated with membranous glomerulonephritis and cervix carcinoma.",HLA-DQA1,HLA-DRB5
Olmo-3-7B-Instruct,biomix-qa,95,"Out of the given list, which Gene is associated with myeloproliferative neoplasm and idiopathic pulmonary fibrosis.",TERT,PTK2B
Olmo-3-7B-Instruct,biomix-qa,96,"Out of the given list, which Gene is associated with Takayasu's arteritis and psoriatic arthritis.",HLA-B,SNTB1
Olmo-3-7B-Instruct,biomix-qa,97,"Out of the given list, which Variant is associated with autoimmune disease and anti-neutrophil antibody associated vasculitis.",rs6679677,rs34691223
Olmo-3-7B-Instruct,biomix-qa,98,"Out of the given list, which Gene is associated with diffuse large B-cell lymphoma and myelodysplastic syndrome.",HLA-B,TNXB
Olmo-3-7B-Instruct,biomix-qa,99,"Out of the given list, which Gene is associated with oral cavity cancer and rheumatic heart disease.",HLA-DQB1,HLA-DQB1
Olmo-3-7B-Instruct,sciq,0,"Compounds that are capable of accepting electrons, such as o 2 or f2, are called what?",oxidants,antioxidants
Olmo-3-7B-Instruct,sciq,1,What term in biotechnology means a genetically exact copy of an organism?,clone,adult
Olmo-3-7B-Instruct,sciq,2,Vertebrata are characterized by the presence of what?,backbone,Bones
Olmo-3-7B-Instruct,sciq,3,What is the height above or below sea level called?,elevation,variation
Olmo-3-7B-Instruct,sciq,4,"Ice cores, varves and what else indicate the environmental conditions at the time of their creation?",tree rings,mountain ranges
Olmo-3-7B-Instruct,sciq,5,What chemical signals in plants control different processes?,plant hormones,Human Hormones
Olmo-3-7B-Instruct,sciq,6,"Meiosis is part of the process of gametogenesis, which is the production of what?",sperm and eggs,chromosomes
Olmo-3-7B-Instruct,sciq,7,Which type of tree is dominant in temperate forests?,deciduous,vines
Olmo-3-7B-Instruct,sciq,8,What kind of viscosity is found in long-chain hydrocarbons?,highly viscous,low viscosity
Olmo-3-7B-Instruct,sciq,9,Ionic compounds have strong electrostatic attractions between oppositely charged ions in this?,regular array,normal array
Olmo-3-7B-Instruct,sciq,10,About how tall can mid-ocean ridges be?,about 2 km,2 inches
Olmo-3-7B-Instruct,sciq,11,What are by far the most common type of invertebrate?,insects,crustaceans
Olmo-3-7B-Instruct,sciq,12,What do waves deposit to form sandbars and barrier islands?,sediments,glaciers
Olmo-3-7B-Instruct,sciq,13,"Penis, testes, and epididymis are organs in what system?",male reproductive system,virus reproductive system​
Olmo-3-7B-Instruct,sciq,14,"Only about one percent of plants have lost what ability, turning them into consumers and even predators, instead of producers?",photosynthesis,flowering
Olmo-3-7B-Instruct,sciq,15,How does a neon light produce visible light?,electroluminescence,luminescence
Olmo-3-7B-Instruct,sciq,16,The bird ancestor that lived in trees developed what feature commonly associated with birds?,wings,tails
Olmo-3-7B-Instruct,sciq,17,What do most living things use to make atp from glucose?,oxygen,enzymes
Olmo-3-7B-Instruct,sciq,18,What are the two most common silicates?,feldspar and quartz,Micas	 and feldspar
Olmo-3-7B-Instruct,sciq,19,What term means the amount of water vapor in the air?,humidity,temperature
Olmo-3-7B-Instruct,sciq,20,Paracrine signals move by what method through the extracellular matrix?,diffusion,deposition
Olmo-3-7B-Instruct,sciq,21,"Presence of a cell wall, large central vacuole, and organelles called plastids distinguish what type of cell?",plant,reproductive
Olmo-3-7B-Instruct,sciq,22,What happens when mammals raise their hair with tiny muscles in the skin?,goosebumps,bruising
Olmo-3-7B-Instruct,sciq,23,What are people with osteoporosis at increased risk of?,bone fractures,growth spurt
Olmo-3-7B-Instruct,sciq,24,Where is energy stored in a chemical substance?,between atoms,inside atoms
Olmo-3-7B-Instruct,sciq,25,"By the year 2050, 25 percent of the population of the united states will be 60 years of age or older. the cdc estimates that 80 percent of those 60 years and older have one or more chronic disease associated with deficiencies of this?",immune system,blood vessels
Olmo-3-7B-Instruct,sciq,26,"Upon death of an organism, during composition, what returns to the soil as ammonium ions?",nitrogen,calcium
Olmo-3-7B-Instruct,sciq,27,Most insects reproduce quickly and through what type of reproduction?,sexual reproduction,asexual reproduction
Olmo-3-7B-Instruct,sciq,28,Digestion of proteins begins with acids in what organ?,stomach,liver
Olmo-3-7B-Instruct,sciq,29,"Many species of rotifers exhibit haplodiploidy, which is a method of what?",gender determination,circulation
Olmo-3-7B-Instruct,sciq,30,What is the most abundant metal of the earth's crust?,aluminum,copper
Olmo-3-7B-Instruct,sciq,31,What is the term for the total kinetic energy of moving particles of matter?,thermal energy,mechanical energy
Olmo-3-7B-Instruct,sciq,32,What part of the eye allows light to enter?,pupil,eyelid
Olmo-3-7B-Instruct,sciq,33,"The body cannot sustain for very long the bursts of energy mediated by epinephrine and norepinephrine, hormones associated with what stress response?",fight-or-flight,fainting
Olmo-3-7B-Instruct,sciq,34,"What system enters the brain stem and influences activity in the cerebellum, spinal cord, and cerebral cortex?",vestibular system,vasculature system
Olmo-3-7B-Instruct,sciq,35,In what type of animals may a body cavity be present or absent?,triploblastic,vertebrate
Olmo-3-7B-Instruct,sciq,36,Chemical reactions involve a transfer of heat energy. measured in what?,joules,thermals
Olmo-3-7B-Instruct,sciq,37,Trees and shrubs are example of what type of plant?,perennials,grasses
Olmo-3-7B-Instruct,sciq,38,"The products of what process are needed for cellular respiration, and vice versa?",photosynthesis,digestion
Olmo-3-7B-Instruct,sciq,39,Most fungi get organic compounds from what?,dead organisms,inorganic material
Olmo-3-7B-Instruct,sciq,40,How do very massive stars end their lives?,become red supergiants,explode
Olmo-3-7B-Instruct,sciq,41,Pairs of nitrogenous bases are attached to each other by?,hydrogen bonds,potassium bonds
Olmo-3-7B-Instruct,sciq,42,Rupture can cause fragments of what to travel via the bloodstream and become lodged in other arteries?,plaque,white blood cells
Olmo-3-7B-Instruct,sciq,43,The strength of a base depends on the concentration of _______ it produces when dissolved in water?,hydroxide ions,calcium ions
Olmo-3-7B-Instruct,sciq,44,The overall voltage of the battery is therefore the sum of ________ of the individual cells.,voltages,currents
Olmo-3-7B-Instruct,sciq,45,Organisms that live deep in the ocean must be able to withstand what?,extreme water pressure,significant water pressure
Olmo-3-7B-Instruct,sciq,46,Which system are the brain and spinal cord apart of?,central nervous system,cerebral cortex
Olmo-3-7B-Instruct,sciq,47,What are biochemical catalysts that speed up biochemical reactions?,enzymes,metabolites
Olmo-3-7B-Instruct,sciq,48,What process can cause harmful alleles to become fixed?,genetic drift,natural selection
Olmo-3-7B-Instruct,sciq,49,What record shows that dinosaurs originated 200-250 million years ago?,fossil record,species record
Olmo-3-7B-Instruct,sciq,50,"What instrument is used to make very sensitive mass measurements in a laboratory, usually in grams?",analytical balance,speedometer
Olmo-3-7B-Instruct,sciq,51,What is the purpose of bright colors on a flower's petals?,to attract pollinators,to absorb light
Olmo-3-7B-Instruct,sciq,52,Collateral ganglia controls organs in which cavity in the body?,abdominal,pelvic
Olmo-3-7B-Instruct,sciq,53,A bee will sometimes do a dance to tell other bees in the hive where to find what?,food,enemies
Olmo-3-7B-Instruct,sciq,54,"The lens focuses light on the retina , which covers the back of the inside of the eye. the retina has light-sensing photoreceptor cells called?",rods and cones,holes and cones
Olmo-3-7B-Instruct,sciq,55,"Temperature, water, soil, and air are examples of nonliving factors of an ecosystem, also termed what?",abiotic factors,diverse factors
Olmo-3-7B-Instruct,sciq,56,Ibuprofen and albuterol are examples of drugs whose _________ have different effects.,enantiomers,analogous
Olmo-3-7B-Instruct,sciq,57,"Although magma once filled our moon's craters, what is thought to have ended there over a billion years ago?",volcanic activity,mineral activity
Olmo-3-7B-Instruct,sciq,58,Sensory nerves carry nerve impulses from sensory receptors to what system?,central nervous,IRCULATORY SYSTEM
Olmo-3-7B-Instruct,sciq,59,Which kind of muscle regulates air flow in lungs?,smooth,striated
Olmo-3-7B-Instruct,sciq,60,What type of bonds are formed by the side-to-side overlap of p orbitals?,pi bonds,theta bonds
Olmo-3-7B-Instruct,sciq,61,On what day of the cycle does ovulation usually occur?,14th,1st
Olmo-3-7B-Instruct,sciq,62,"The majority of animals belong to what category, characterized by the lack of a backbone?",invertebrate,vertebrate
Olmo-3-7B-Instruct,sciq,63,What is another name for the vertebral column?,backbone,brain stem
Olmo-3-7B-Instruct,sciq,64,The temperature at which a substance melts is called its what point?,melting,boiling
Olmo-3-7B-Instruct,sciq,65,"Oogenesis, which is gametogenesis in females, begins with what type of ste cells?",ovarian,digestive
Olmo-3-7B-Instruct,sciq,66,Humans are among the most versatile of mammals with what type of diet?,omnivore,vegetarian
Olmo-3-7B-Instruct,sciq,67,Solute potential is also called osmotic potential because solutes affect the direction of what?,osmosis,electrolysis
Olmo-3-7B-Instruct,sciq,68,"Newton’s second law of what is more than a definition; it is a relationship among acceleration, force, and mass?",motion,change
Olmo-3-7B-Instruct,sciq,69,What is the physical transformation of an insect moving through stages of life?,metamorphosis,Transition
Olmo-3-7B-Instruct,sciq,70,"When equal amounts of a strong acid such as hydrochloric acid are mixed with a strong base such as sodium hydroxide, the result is what kind of solution?",a neutral one,a economical one
Olmo-3-7B-Instruct,sciq,71,What are fast moving rivers of air that are going in opposite directions called?,jet streams,air streams
Olmo-3-7B-Instruct,sciq,72,"Nephrons, renal tubules and the loop of henle are part of the process of blood filtration by what organs?",kidneys,lungs
Olmo-3-7B-Instruct,sciq,73,"Fungi, such as black bread mold (rhizopus nigricans), have haploid-dominant what?",life cycles,birth cycles
Olmo-3-7B-Instruct,sciq,74,The electrode at which oxidation occurs is called?,the anode,calomel
Olmo-3-7B-Instruct,sciq,75,There are about 6200 known species of what?,amphibians,reptiles
Olmo-3-7B-Instruct,sciq,76,The lens and other parts of the eye work together to focus a real image on what eye structure?,retina,cornea
Olmo-3-7B-Instruct,sciq,77,What is required to move or change matter from one state to another?,energy,evolution
Olmo-3-7B-Instruct,sciq,78,A food web can be broken up into what further subdivision that usually has a few links in it?,food chain,food pyramid
Olmo-3-7B-Instruct,sciq,79,What living species of bird is considered the  largest of the raptors?,golden eagles,pteradactyl
Olmo-3-7B-Instruct,sciq,80,What contains positive protons and neutral neutrons?,nucleus,electrons
Olmo-3-7B-Instruct,sciq,81,"Horny ridges on the jaws serve the same function as what, for turtles?",teeth,hairs
Olmo-3-7B-Instruct,sciq,82,Natural gas is the predominately made up of?,methane,carbon
Olmo-3-7B-Instruct,sciq,83,"Which  organs control the amount of water, ions, and other substances in the blood by excreting more or less of them in urine?",kidneys,ears
Olmo-3-7B-Instruct,sciq,84,What unit of measurement is defined to be the number of atoms in 12g of carbon-12?,one mole,one joule
Olmo-3-7B-Instruct,sciq,85,What involves sensing and focusing light from people and objects?,vision,sensory perception
Olmo-3-7B-Instruct,sciq,86,"What is a therian mammal in which the embryo is born at an early, immature stage?",a marsupial,bat
Olmo-3-7B-Instruct,sciq,87,What are fungi which feed on living cells called?,parasitic,predatory
Olmo-3-7B-Instruct,sciq,88,What rock group offers the richest source of fossils?,sedimentary,geode
Olmo-3-7B-Instruct,sciq,89,What is the diffusion of water through a semipermeable membrane down its concentration gradient,osmosis,Permable
Olmo-3-7B-Instruct,sciq,90,Isotopes are named for their number of protons plus what?,neutrons,electrons
Olmo-3-7B-Instruct,sciq,91,Movements in the mantle cause the plates to move over time in a process called what?,continental drift,boundary drift
Olmo-3-7B-Instruct,sciq,92,"In phyisics, what is considered to be the rotational version of force?",torque,work
Olmo-3-7B-Instruct,sciq,93,Skeletal muscles are attached to the skeleton by tough connective tissues called what?,tendons,veins
Olmo-3-7B-Instruct,sciq,94,What is the ability to see called?,vision,smell
Olmo-3-7B-Instruct,sciq,95,Which two major innovations allowed seed plants to reproduce in the absence of water?,seed and pollen,bee and pollen
Olmo-3-7B-Instruct,sciq,96,Water can be broken down into hydrogen and oxygen gases by the addition of what?,energy,demand
Olmo-3-7B-Instruct,sciq,97,What anatomical feature is shared by all chordates?,notochord,laxchord
Olmo-3-7B-Instruct,sciq,98,"With wavelengths from 400-700 nm, what kind of light represents only a very small portion of the spectrum?",visible light,sunlight
Olmo-3-7B-Instruct,sciq,99,"In humans, the only haploid cells are what reproductive cells?",sperm and egg,dna and egg
