model,model_key,dataset,dataset_key,task_type,template,layer,accuracy
Llama-3.1-8B-Instruct,llama,BioMixQA,biomix-qa,knowledge,T_A,0,0.231994
Llama-3.1-8B-Instruct,llama,BioMixQA,biomix-qa,knowledge,T_A,1,0.231994
Llama-3.1-8B-Instruct,llama,BioMixQA,biomix-qa,knowledge,T_A,2,0.231994
Llama-3.1-8B-Instruct,llama,BioMixQA,biomix-qa,knowledge,T_A,3,0.228715
Llama-3.1-8B-Instruct,llama,BioMixQA,biomix-qa,knowledge,T_A,4,0.215706
Llama-3.1-8B-Instruct,llama,BioMixQA,biomix-qa,knowledge,T_A,5,0.202538
Llama-3.1-8B-Instruct,llama,BioMixQA,biomix-qa,knowledge,T_A,6,0.205817
Llama-3.1-8B-Instruct,llama,BioMixQA,biomix-qa,knowledge,T_A,7,0.231676
Llama-3.1-8B-Instruct,llama,BioMixQA,biomix-qa,knowledge,T_A,8,0.235061
Llama-3.1-8B-Instruct,llama,BioMixQA,biomix-qa,knowledge,T_A,9,0.215494
Llama-3.1-8B-Instruct,llama,BioMixQA,biomix-qa,knowledge,T_A,10,0.222105
Llama-3.1-8B-Instruct,llama,BioMixQA,biomix-qa,knowledge,T_A,11,0.205870
Llama-3.1-8B-Instruct,llama,BioMixQA,biomix-qa,knowledge,T_A,12,0.205976
Llama-3.1-8B-Instruct,llama,BioMixQA,biomix-qa,knowledge,T_A,13,0.264886
Llama-3.1-8B-Instruct,llama,BioMixQA,biomix-qa,knowledge,T_A,14,0.317134
Llama-3.1-8B-Instruct,llama,BioMixQA,biomix-qa,knowledge,T_A,15,0.402274
Llama-3.1-8B-Instruct,llama,BioMixQA,biomix-qa,knowledge,T_A,16,0.359598
Llama-3.1-8B-Instruct,llama,BioMixQA,biomix-qa,knowledge,T_A,17,0.366050
Llama-3.1-8B-Instruct,llama,BioMixQA,biomix-qa,knowledge,T_A,18,0.506769
Llama-3.1-8B-Instruct,llama,BioMixQA,biomix-qa,knowledge,T_A,19,0.516446
Llama-3.1-8B-Instruct,llama,BioMixQA,biomix-qa,knowledge,T_A,20,0.513168
Llama-3.1-8B-Instruct,llama,BioMixQA,biomix-qa,knowledge,T_A,21,0.526335
Llama-3.1-8B-Instruct,llama,BioMixQA,biomix-qa,knowledge,T_A,22,0.513221
Llama-3.1-8B-Instruct,llama,BioMixQA,biomix-qa,knowledge,T_A,23,0.522951
Llama-3.1-8B-Instruct,llama,BioMixQA,biomix-qa,knowledge,T_A,24,0.506610
Llama-3.1-8B-Instruct,llama,BioMixQA,biomix-qa,knowledge,T_A,25,0.503279
Llama-3.1-8B-Instruct,llama,BioMixQA,biomix-qa,knowledge,T_A,26,0.513115
Llama-3.1-8B-Instruct,llama,BioMixQA,biomix-qa,knowledge,T_A,27,0.500053
Llama-3.1-8B-Instruct,llama,BioMixQA,biomix-qa,knowledge,T_A,28,0.506663
Llama-3.1-8B-Instruct,llama,BioMixQA,biomix-qa,knowledge,T_A,29,0.503332
Llama-3.1-8B-Instruct,llama,BioMixQA,biomix-qa,knowledge,T_A,30,0.496933
Llama-3.1-8B-Instruct,llama,BioMixQA,biomix-qa,knowledge,T_A,31,0.477314
Llama-3.1-8B-Instruct,llama,BioMixQA,biomix-qa,knowledge,T_A,32,0.470809
Llama-3.1-8B-Instruct,llama,BioMixQA,biomix-qa,knowledge,T_K,0,0.231994
Llama-3.1-8B-Instruct,llama,BioMixQA,biomix-qa,knowledge,T_K,1,0.228715
Llama-3.1-8B-Instruct,llama,BioMixQA,biomix-qa,knowledge,T_K,2,0.228768
Llama-3.1-8B-Instruct,llama,BioMixQA,biomix-qa,knowledge,T_K,3,0.231941
Llama-3.1-8B-Instruct,llama,BioMixQA,biomix-qa,knowledge,T_K,4,0.241777
Llama-3.1-8B-Instruct,llama,BioMixQA,biomix-qa,knowledge,T_K,5,0.235325
Llama-3.1-8B-Instruct,llama,BioMixQA,biomix-qa,knowledge,T_K,6,0.199471
Llama-3.1-8B-Instruct,llama,BioMixQA,biomix-qa,knowledge,T_K,7,0.196192
Llama-3.1-8B-Instruct,llama,BioMixQA,biomix-qa,knowledge,T_K,8,0.199471
Llama-3.1-8B-Instruct,llama,BioMixQA,biomix-qa,knowledge,T_K,9,0.232152
Llama-3.1-8B-Instruct,llama,BioMixQA,biomix-qa,knowledge,T_K,10,0.202750
Llama-3.1-8B-Instruct,llama,BioMixQA,biomix-qa,knowledge,T_K,11,0.209360
Llama-3.1-8B-Instruct,llama,BioMixQA,biomix-qa,knowledge,T_K,12,0.173347
Llama-3.1-8B-Instruct,llama,BioMixQA,biomix-qa,knowledge,T_K,13,0.179799
Llama-3.1-8B-Instruct,llama,BioMixQA,biomix-qa,knowledge,T_K,14,0.189635
Llama-3.1-8B-Instruct,llama,BioMixQA,biomix-qa,knowledge,T_K,15,0.218985
Llama-3.1-8B-Instruct,llama,BioMixQA,biomix-qa,knowledge,T_K,16,0.277790
Llama-3.1-8B-Instruct,llama,BioMixQA,biomix-qa,knowledge,T_K,17,0.291010
Llama-3.1-8B-Instruct,llama,BioMixQA,biomix-qa,knowledge,T_K,18,0.477419
Llama-3.1-8B-Instruct,llama,BioMixQA,biomix-qa,knowledge,T_K,19,0.467636
Llama-3.1-8B-Instruct,llama,BioMixQA,biomix-qa,knowledge,T_K,20,0.477419
Llama-3.1-8B-Instruct,llama,BioMixQA,biomix-qa,knowledge,T_K,21,0.461026
Llama-3.1-8B-Instruct,llama,BioMixQA,biomix-qa,knowledge,T_K,22,0.474035
Llama-3.1-8B-Instruct,llama,BioMixQA,biomix-qa,knowledge,T_K,23,0.473982
Llama-3.1-8B-Instruct,llama,BioMixQA,biomix-qa,knowledge,T_K,24,0.477208
Llama-3.1-8B-Instruct,llama,BioMixQA,biomix-qa,knowledge,T_K,25,0.483765
Llama-3.1-8B-Instruct,llama,BioMixQA,biomix-qa,knowledge,T_K,26,0.464252
Llama-3.1-8B-Instruct,llama,BioMixQA,biomix-qa,knowledge,T_K,27,0.460920
Llama-3.1-8B-Instruct,llama,BioMixQA,biomix-qa,knowledge,T_K,28,0.464357
Llama-3.1-8B-Instruct,llama,BioMixQA,biomix-qa,knowledge,T_K,29,0.467636
Llama-3.1-8B-Instruct,llama,BioMixQA,biomix-qa,knowledge,T_K,30,0.454521
Llama-3.1-8B-Instruct,llama,BioMixQA,biomix-qa,knowledge,T_K,31,0.457800
Llama-3.1-8B-Instruct,llama,BioMixQA,biomix-qa,knowledge,T_K,32,0.395875
Llama-3.1-8B-Instruct,llama,BioMixQA,biomix-qa,knowledge,T_N,0,0.241935
Llama-3.1-8B-Instruct,llama,BioMixQA,biomix-qa,knowledge,T_N,1,0.271391
Llama-3.1-8B-Instruct,llama,BioMixQA,biomix-qa,knowledge,T_N,2,0.303966
Llama-3.1-8B-Instruct,llama,BioMixQA,biomix-qa,knowledge,T_N,3,0.300846
Llama-3.1-8B-Instruct,llama,BioMixQA,biomix-qa,knowledge,T_N,4,0.274722
Llama-3.1-8B-Instruct,llama,BioMixQA,biomix-qa,knowledge,T_N,5,0.268165
Llama-3.1-8B-Instruct,llama,BioMixQA,biomix-qa,knowledge,T_N,6,0.284558
Llama-3.1-8B-Instruct,llama,BioMixQA,biomix-qa,knowledge,T_N,7,0.284453
Llama-3.1-8B-Instruct,llama,BioMixQA,biomix-qa,knowledge,T_N,8,0.307298
Llama-3.1-8B-Instruct,llama,BioMixQA,biomix-qa,knowledge,T_N,9,0.333474
Llama-3.1-8B-Instruct,llama,BioMixQA,biomix-qa,knowledge,T_N,10,0.339873
Llama-3.1-8B-Instruct,llama,BioMixQA,biomix-qa,knowledge,T_N,11,0.333527
Llama-3.1-8B-Instruct,llama,BioMixQA,biomix-qa,knowledge,T_N,12,0.343258
Llama-3.1-8B-Instruct,llama,BioMixQA,biomix-qa,knowledge,T_N,13,0.362983
Llama-3.1-8B-Instruct,llama,BioMixQA,biomix-qa,knowledge,T_N,14,0.346695
Llama-3.1-8B-Instruct,llama,BioMixQA,biomix-qa,knowledge,T_N,15,0.343469
Llama-3.1-8B-Instruct,llama,BioMixQA,biomix-qa,knowledge,T_N,16,0.333633
Llama-3.1-8B-Instruct,llama,BioMixQA,biomix-qa,knowledge,T_N,17,0.340085
Llama-3.1-8B-Instruct,llama,BioMixQA,biomix-qa,knowledge,T_N,18,0.323691
Llama-3.1-8B-Instruct,llama,BioMixQA,biomix-qa,knowledge,T_N,19,0.336912
Llama-3.1-8B-Instruct,llama,BioMixQA,biomix-qa,knowledge,T_N,20,0.336912
Llama-3.1-8B-Instruct,llama,BioMixQA,biomix-qa,knowledge,T_N,21,0.314014
Llama-3.1-8B-Instruct,llama,BioMixQA,biomix-qa,knowledge,T_N,22,0.336965
Llama-3.1-8B-Instruct,llama,BioMixQA,biomix-qa,knowledge,T_N,23,0.346801
Llama-3.1-8B-Instruct,llama,BioMixQA,biomix-qa,knowledge,T_N,24,0.359757
Llama-3.1-8B-Instruct,llama,BioMixQA,biomix-qa,knowledge,T_N,25,0.353199
Llama-3.1-8B-Instruct,llama,BioMixQA,biomix-qa,knowledge,T_N,26,0.356478
Llama-3.1-8B-Instruct,llama,BioMixQA,biomix-qa,knowledge,T_N,27,0.353252
Llama-3.1-8B-Instruct,llama,BioMixQA,biomix-qa,knowledge,T_N,28,0.359810
Llama-3.1-8B-Instruct,llama,BioMixQA,biomix-qa,knowledge,T_N,29,0.349974
Llama-3.1-8B-Instruct,llama,BioMixQA,biomix-qa,knowledge,T_N,30,0.362930
Llama-3.1-8B-Instruct,llama,BioMixQA,biomix-qa,knowledge,T_N,31,0.376044
Llama-3.1-8B-Instruct,llama,BioMixQA,biomix-qa,knowledge,T_N,32,0.372713
Llama-3.1-8B-Instruct,llama,BioMixQA,biomix-qa,knowledge,T_R,0,0.231994
Llama-3.1-8B-Instruct,llama,BioMixQA,biomix-qa,knowledge,T_R,1,0.231994
Llama-3.1-8B-Instruct,llama,BioMixQA,biomix-qa,knowledge,T_R,2,0.231994
Llama-3.1-8B-Instruct,llama,BioMixQA,biomix-qa,knowledge,T_R,3,0.225436
Llama-3.1-8B-Instruct,llama,BioMixQA,biomix-qa,knowledge,T_R,4,0.225436
Llama-3.1-8B-Instruct,llama,BioMixQA,biomix-qa,knowledge,T_R,5,0.222105
Llama-3.1-8B-Instruct,llama,BioMixQA,biomix-qa,knowledge,T_R,6,0.212374
Llama-3.1-8B-Instruct,llama,BioMixQA,biomix-qa,knowledge,T_R,7,0.205711
Llama-3.1-8B-Instruct,llama,BioMixQA,biomix-qa,knowledge,T_R,8,0.202538
Llama-3.1-8B-Instruct,llama,BioMixQA,biomix-qa,knowledge,T_R,9,0.196034
Llama-3.1-8B-Instruct,llama,BioMixQA,biomix-qa,knowledge,T_R,10,0.199313
Llama-3.1-8B-Instruct,llama,BioMixQA,biomix-qa,knowledge,T_R,11,0.212427
Llama-3.1-8B-Instruct,llama,BioMixQA,biomix-qa,knowledge,T_R,12,0.215600
Llama-3.1-8B-Instruct,llama,BioMixQA,biomix-qa,knowledge,T_R,13,0.225331
Llama-3.1-8B-Instruct,llama,BioMixQA,biomix-qa,knowledge,T_R,14,0.349603
Llama-3.1-8B-Instruct,llama,BioMixQA,biomix-qa,knowledge,T_R,15,0.460973
Llama-3.1-8B-Instruct,llama,BioMixQA,biomix-qa,knowledge,T_R,16,0.428186
Llama-3.1-8B-Instruct,llama,BioMixQA,biomix-qa,knowledge,T_R,17,0.395452
Llama-3.1-8B-Instruct,llama,BioMixQA,biomix-qa,knowledge,T_R,18,0.539344
Llama-3.1-8B-Instruct,llama,BioMixQA,biomix-qa,knowledge,T_R,19,0.519619
Llama-3.1-8B-Instruct,llama,BioMixQA,biomix-qa,knowledge,T_R,20,0.526335
Llama-3.1-8B-Instruct,llama,BioMixQA,biomix-qa,knowledge,T_R,21,0.510048
Llama-3.1-8B-Instruct,llama,BioMixQA,biomix-qa,knowledge,T_R,22,0.529667
Llama-3.1-8B-Instruct,llama,BioMixQA,biomix-qa,knowledge,T_R,23,0.529614
Llama-3.1-8B-Instruct,llama,BioMixQA,biomix-qa,knowledge,T_R,24,0.519725
Llama-3.1-8B-Instruct,llama,BioMixQA,biomix-qa,knowledge,T_R,25,0.516499
Llama-3.1-8B-Instruct,llama,BioMixQA,biomix-qa,knowledge,T_R,26,0.523109
Llama-3.1-8B-Instruct,llama,BioMixQA,biomix-qa,knowledge,T_R,27,0.523109
Llama-3.1-8B-Instruct,llama,BioMixQA,biomix-qa,knowledge,T_R,28,0.523057
Llama-3.1-8B-Instruct,llama,BioMixQA,biomix-qa,knowledge,T_R,29,0.506663
Llama-3.1-8B-Instruct,llama,BioMixQA,biomix-qa,knowledge,T_R,30,0.523004
Llama-3.1-8B-Instruct,llama,BioMixQA,biomix-qa,knowledge,T_R,31,0.516499
Llama-3.1-8B-Instruct,llama,BioMixQA,biomix-qa,knowledge,T_R,32,0.464146
Llama-3.1-8B-Instruct,llama,LogiQA,logiqa,reasoning,T_A,0,0.274962
Llama-3.1-8B-Instruct,llama,LogiQA,logiqa,reasoning,T_A,1,0.262701
Llama-3.1-8B-Instruct,llama,LogiQA,logiqa,reasoning,T_A,2,0.251955
Llama-3.1-8B-Instruct,llama,LogiQA,logiqa,reasoning,T_A,3,0.261210
Llama-3.1-8B-Instruct,llama,LogiQA,logiqa,reasoning,T_A,4,0.268902
Llama-3.1-8B-Instruct,llama,LogiQA,logiqa,reasoning,T_A,5,0.273506
Llama-3.1-8B-Instruct,llama,LogiQA,logiqa,reasoning,T_A,6,0.261186
Llama-3.1-8B-Instruct,llama,LogiQA,logiqa,reasoning,T_A,7,0.255009
Llama-3.1-8B-Instruct,llama,LogiQA,logiqa,reasoning,T_A,8,0.245790
Llama-3.1-8B-Instruct,llama,LogiQA,logiqa,reasoning,T_A,9,0.251944
Llama-3.1-8B-Instruct,llama,LogiQA,logiqa,reasoning,T_A,10,0.241221
Llama-3.1-8B-Instruct,llama,LogiQA,logiqa,reasoning,T_A,11,0.262725
Llama-3.1-8B-Instruct,llama,LogiQA,logiqa,reasoning,T_A,12,0.255009
Llama-3.1-8B-Instruct,llama,LogiQA,logiqa,reasoning,T_A,13,0.264275
Llama-3.1-8B-Instruct,llama,LogiQA,logiqa,reasoning,T_A,14,0.247317
Llama-3.1-8B-Instruct,llama,LogiQA,logiqa,reasoning,T_A,15,0.304110
Llama-3.1-8B-Instruct,llama,LogiQA,logiqa,reasoning,T_A,16,0.293365
Llama-3.1-8B-Instruct,llama,LogiQA,logiqa,reasoning,T_A,17,0.279530
Llama-3.1-8B-Instruct,llama,LogiQA,logiqa,reasoning,T_A,18,0.350217
Llama-3.1-8B-Instruct,llama,LogiQA,logiqa,reasoning,T_A,19,0.351744
Llama-3.1-8B-Instruct,llama,LogiQA,logiqa,reasoning,T_A,20,0.362501
Llama-3.1-8B-Instruct,llama,LogiQA,logiqa,reasoning,T_A,21,0.347164
Llama-3.1-8B-Instruct,llama,LogiQA,logiqa,reasoning,T_A,22,0.341069
Llama-3.1-8B-Instruct,llama,LogiQA,logiqa,reasoning,T_A,23,0.337992
Llama-3.1-8B-Instruct,llama,LogiQA,logiqa,reasoning,T_A,24,0.331873
Llama-3.1-8B-Instruct,llama,LogiQA,logiqa,reasoning,T_A,25,0.337992
Llama-3.1-8B-Instruct,llama,LogiQA,logiqa,reasoning,T_A,26,0.321116
Llama-3.1-8B-Instruct,llama,LogiQA,logiqa,reasoning,T_A,27,0.333423
Llama-3.1-8B-Instruct,llama,LogiQA,logiqa,reasoning,T_A,28,0.359554
Llama-3.1-8B-Instruct,llama,LogiQA,logiqa,reasoning,T_A,29,0.353435
Llama-3.1-8B-Instruct,llama,LogiQA,logiqa,reasoning,T_A,30,0.331885
Llama-3.1-8B-Instruct,llama,LogiQA,logiqa,reasoning,T_A,31,0.339577
Llama-3.1-8B-Instruct,llama,LogiQA,logiqa,reasoning,T_A,32,0.313388
Llama-3.1-8B-Instruct,llama,LogiQA,logiqa,reasoning,T_K,0,0.274962
Llama-3.1-8B-Instruct,llama,LogiQA,logiqa,reasoning,T_K,1,0.290370
Llama-3.1-8B-Instruct,llama,LogiQA,logiqa,reasoning,T_K,2,0.262701
Llama-3.1-8B-Instruct,llama,LogiQA,logiqa,reasoning,T_K,3,0.250393
Llama-3.1-8B-Instruct,llama,LogiQA,logiqa,reasoning,T_K,4,0.248902
Llama-3.1-8B-Instruct,llama,LogiQA,logiqa,reasoning,T_K,5,0.248902
Llama-3.1-8B-Instruct,llama,LogiQA,logiqa,reasoning,T_K,6,0.258121
Llama-3.1-8B-Instruct,llama,LogiQA,logiqa,reasoning,T_K,7,0.247340
Llama-3.1-8B-Instruct,llama,LogiQA,logiqa,reasoning,T_K,8,0.252014
Llama-3.1-8B-Instruct,llama,LogiQA,logiqa,reasoning,T_K,9,0.229019
Llama-3.1-8B-Instruct,llama,LogiQA,logiqa,reasoning,T_K,10,0.242795
Llama-3.1-8B-Instruct,llama,LogiQA,logiqa,reasoning,T_K,11,0.236676
Llama-3.1-8B-Instruct,llama,LogiQA,logiqa,reasoning,T_K,12,0.253529
Llama-3.1-8B-Instruct,llama,LogiQA,logiqa,reasoning,T_K,13,0.238121
Llama-3.1-8B-Instruct,llama,LogiQA,logiqa,reasoning,T_K,14,0.238156
Llama-3.1-8B-Instruct,llama,LogiQA,logiqa,reasoning,T_K,15,0.235079
Llama-3.1-8B-Instruct,llama,LogiQA,logiqa,reasoning,T_K,16,0.239718
Llama-3.1-8B-Instruct,llama,LogiQA,logiqa,reasoning,T_K,17,0.255056
Llama-3.1-8B-Instruct,llama,LogiQA,logiqa,reasoning,T_K,18,0.282725
Llama-3.1-8B-Instruct,llama,LogiQA,logiqa,reasoning,T_K,19,0.287352
Llama-3.1-8B-Instruct,llama,LogiQA,logiqa,reasoning,T_K,20,0.302713
Llama-3.1-8B-Instruct,llama,LogiQA,logiqa,reasoning,T_K,21,0.324193
Llama-3.1-8B-Instruct,llama,LogiQA,logiqa,reasoning,T_K,22,0.298074
Llama-3.1-8B-Instruct,llama,LogiQA,logiqa,reasoning,T_K,23,0.308831
Llama-3.1-8B-Instruct,llama,LogiQA,logiqa,reasoning,T_K,24,0.301151
Llama-3.1-8B-Instruct,llama,LogiQA,logiqa,reasoning,T_K,25,0.304216
Llama-3.1-8B-Instruct,llama,LogiQA,logiqa,reasoning,T_K,26,0.322678
Llama-3.1-8B-Instruct,llama,LogiQA,logiqa,reasoning,T_K,27,0.304240
Llama-3.1-8B-Instruct,llama,LogiQA,logiqa,reasoning,T_K,28,0.285813
Llama-3.1-8B-Instruct,llama,LogiQA,logiqa,reasoning,T_K,29,0.293447
Llama-3.1-8B-Instruct,llama,LogiQA,logiqa,reasoning,T_K,30,0.284216
Llama-3.1-8B-Instruct,llama,LogiQA,logiqa,reasoning,T_K,31,0.285837
Llama-3.1-8B-Instruct,llama,LogiQA,logiqa,reasoning,T_K,32,0.287293
Llama-3.1-8B-Instruct,llama,LogiQA,logiqa,reasoning,T_N,0,0.281116
Llama-3.1-8B-Instruct,llama,LogiQA,logiqa,reasoning,T_N,1,0.285790
Llama-3.1-8B-Instruct,llama,LogiQA,logiqa,reasoning,T_N,2,0.259624
Llama-3.1-8B-Instruct,llama,LogiQA,logiqa,reasoning,T_N,3,0.247399
Llama-3.1-8B-Instruct,llama,LogiQA,logiqa,reasoning,T_N,4,0.239659
Llama-3.1-8B-Instruct,llama,LogiQA,logiqa,reasoning,T_N,5,0.222795
Llama-3.1-8B-Instruct,llama,LogiQA,logiqa,reasoning,T_N,6,0.231955
Llama-3.1-8B-Instruct,llama,LogiQA,logiqa,reasoning,T_N,7,0.236583
Llama-3.1-8B-Instruct,llama,LogiQA,logiqa,reasoning,T_N,8,0.253435
Llama-3.1-8B-Instruct,llama,LogiQA,logiqa,reasoning,T_N,9,0.267293
Llama-3.1-8B-Instruct,llama,LogiQA,logiqa,reasoning,T_N,10,0.271861
Llama-3.1-8B-Instruct,llama,LogiQA,logiqa,reasoning,T_N,11,0.293388
Llama-3.1-8B-Instruct,llama,LogiQA,logiqa,reasoning,T_N,12,0.296536
Llama-3.1-8B-Instruct,llama,LogiQA,logiqa,reasoning,T_N,13,0.311908
Llama-3.1-8B-Instruct,llama,LogiQA,logiqa,reasoning,T_N,14,0.301116
Llama-3.1-8B-Instruct,llama,LogiQA,logiqa,reasoning,T_N,15,0.313447
Llama-3.1-8B-Instruct,llama,LogiQA,logiqa,reasoning,T_N,16,0.308784
Llama-3.1-8B-Instruct,llama,LogiQA,logiqa,reasoning,T_N,17,0.291908
Llama-3.1-8B-Instruct,llama,LogiQA,logiqa,reasoning,T_N,18,0.278074
Llama-3.1-8B-Instruct,llama,LogiQA,logiqa,reasoning,T_N,19,0.290335
Llama-3.1-8B-Instruct,llama,LogiQA,logiqa,reasoning,T_N,20,0.290335
Llama-3.1-8B-Instruct,llama,LogiQA,logiqa,reasoning,T_N,21,0.290346
Llama-3.1-8B-Instruct,llama,LogiQA,logiqa,reasoning,T_N,22,0.288796
Llama-3.1-8B-Instruct,llama,LogiQA,logiqa,reasoning,T_N,23,0.276500
Llama-3.1-8B-Instruct,llama,LogiQA,logiqa,reasoning,T_N,24,0.294962
Llama-3.1-8B-Instruct,llama,LogiQA,logiqa,reasoning,T_N,25,0.276477
Llama-3.1-8B-Instruct,llama,LogiQA,logiqa,reasoning,T_N,26,0.288749
Llama-3.1-8B-Instruct,llama,LogiQA,logiqa,reasoning,T_N,27,0.296453
Llama-3.1-8B-Instruct,llama,LogiQA,logiqa,reasoning,T_N,28,0.297968
Llama-3.1-8B-Instruct,llama,LogiQA,logiqa,reasoning,T_N,29,0.284134
Llama-3.1-8B-Instruct,llama,LogiQA,logiqa,reasoning,T_N,30,0.285661
Llama-3.1-8B-Instruct,llama,LogiQA,logiqa,reasoning,T_N,31,0.251920
Llama-3.1-8B-Instruct,llama,LogiQA,logiqa,reasoning,T_N,32,0.236559
Llama-3.1-8B-Instruct,llama,LogiQA,logiqa,reasoning,T_R,0,0.274962
Llama-3.1-8B-Instruct,llama,LogiQA,logiqa,reasoning,T_R,1,0.258109
Llama-3.1-8B-Instruct,llama,LogiQA,logiqa,reasoning,T_R,2,0.255044
Llama-3.1-8B-Instruct,llama,LogiQA,logiqa,reasoning,T_R,3,0.279612
Llama-3.1-8B-Instruct,llama,LogiQA,logiqa,reasoning,T_R,4,0.265802
Llama-3.1-8B-Instruct,llama,LogiQA,logiqa,reasoning,T_R,5,0.271932
Llama-3.1-8B-Instruct,llama,LogiQA,logiqa,reasoning,T_R,6,0.284134
Llama-3.1-8B-Instruct,llama,LogiQA,logiqa,reasoning,T_R,7,0.268796
Llama-3.1-8B-Instruct,llama,LogiQA,logiqa,reasoning,T_R,8,0.264157
Llama-3.1-8B-Instruct,llama,LogiQA,logiqa,reasoning,T_R,9,0.261080
Llama-3.1-8B-Instruct,llama,LogiQA,logiqa,reasoning,T_R,10,0.248867
Llama-3.1-8B-Instruct,llama,LogiQA,logiqa,reasoning,T_R,11,0.256524
Llama-3.1-8B-Instruct,llama,LogiQA,logiqa,reasoning,T_R,12,0.256512
Llama-3.1-8B-Instruct,llama,LogiQA,logiqa,reasoning,T_R,13,0.248831
Llama-3.1-8B-Instruct,llama,LogiQA,logiqa,reasoning,T_R,14,0.238074
Llama-3.1-8B-Instruct,llama,LogiQA,logiqa,reasoning,T_R,15,0.276512
Llama-3.1-8B-Instruct,llama,LogiQA,logiqa,reasoning,T_R,16,0.268808
Llama-3.1-8B-Instruct,llama,LogiQA,logiqa,reasoning,T_R,17,0.284122
Llama-3.1-8B-Instruct,llama,LogiQA,logiqa,reasoning,T_R,18,0.334880
Llama-3.1-8B-Instruct,llama,LogiQA,logiqa,reasoning,T_R,19,0.328714
Llama-3.1-8B-Instruct,llama,LogiQA,logiqa,reasoning,T_R,20,0.336383
Llama-3.1-8B-Instruct,llama,LogiQA,logiqa,reasoning,T_R,21,0.334856
Llama-3.1-8B-Instruct,llama,LogiQA,logiqa,reasoning,T_R,22,0.342584
Llama-3.1-8B-Instruct,llama,LogiQA,logiqa,reasoning,T_R,23,0.328808
Llama-3.1-8B-Instruct,llama,LogiQA,logiqa,reasoning,T_R,24,0.325766
Llama-3.1-8B-Instruct,llama,LogiQA,logiqa,reasoning,T_R,25,0.316489
Llama-3.1-8B-Instruct,llama,LogiQA,logiqa,reasoning,T_R,26,0.316500
Llama-3.1-8B-Instruct,llama,LogiQA,logiqa,reasoning,T_R,27,0.325696
Llama-3.1-8B-Instruct,llama,LogiQA,logiqa,reasoning,T_R,28,0.325696
Llama-3.1-8B-Instruct,llama,LogiQA,logiqa,reasoning,T_R,29,0.305672
Llama-3.1-8B-Instruct,llama,LogiQA,logiqa,reasoning,T_R,30,0.308773
Llama-3.1-8B-Instruct,llama,LogiQA,logiqa,reasoning,T_R,31,0.307211
Llama-3.1-8B-Instruct,llama,LogiQA,logiqa,reasoning,T_R,32,0.294997
Llama-3.1-8B-Instruct,llama,MathQA,math-qa,reasoning,T_A,0,0.237000
Llama-3.1-8B-Instruct,llama,MathQA,math-qa,reasoning,T_A,1,0.231000
Llama-3.1-8B-Instruct,llama,MathQA,math-qa,reasoning,T_A,2,0.237000
Llama-3.1-8B-Instruct,llama,MathQA,math-qa,reasoning,T_A,3,0.229000
Llama-3.1-8B-Instruct,llama,MathQA,math-qa,reasoning,T_A,4,0.245000
Llama-3.1-8B-Instruct,llama,MathQA,math-qa,reasoning,T_A,5,0.243000
Llama-3.1-8B-Instruct,llama,MathQA,math-qa,reasoning,T_A,6,0.260000
Llama-3.1-8B-Instruct,llama,MathQA,math-qa,reasoning,T_A,7,0.255000
Llama-3.1-8B-Instruct,llama,MathQA,math-qa,reasoning,T_A,8,0.251000
Llama-3.1-8B-Instruct,llama,MathQA,math-qa,reasoning,T_A,9,0.219000
Llama-3.1-8B-Instruct,llama,MathQA,math-qa,reasoning,T_A,10,0.215000
Llama-3.1-8B-Instruct,llama,MathQA,math-qa,reasoning,T_A,11,0.217000
Llama-3.1-8B-Instruct,llama,MathQA,math-qa,reasoning,T_A,12,0.215000
Llama-3.1-8B-Instruct,llama,MathQA,math-qa,reasoning,T_A,13,0.203000
Llama-3.1-8B-Instruct,llama,MathQA,math-qa,reasoning,T_A,14,0.220000
Llama-3.1-8B-Instruct,llama,MathQA,math-qa,reasoning,T_A,15,0.273000
Llama-3.1-8B-Instruct,llama,MathQA,math-qa,reasoning,T_A,16,0.270000
Llama-3.1-8B-Instruct,llama,MathQA,math-qa,reasoning,T_A,17,0.279000
Llama-3.1-8B-Instruct,llama,MathQA,math-qa,reasoning,T_A,18,0.309000
Llama-3.1-8B-Instruct,llama,MathQA,math-qa,reasoning,T_A,19,0.296000
Llama-3.1-8B-Instruct,llama,MathQA,math-qa,reasoning,T_A,20,0.295000
Llama-3.1-8B-Instruct,llama,MathQA,math-qa,reasoning,T_A,21,0.302000
Llama-3.1-8B-Instruct,llama,MathQA,math-qa,reasoning,T_A,22,0.304000
Llama-3.1-8B-Instruct,llama,MathQA,math-qa,reasoning,T_A,23,0.301000
Llama-3.1-8B-Instruct,llama,MathQA,math-qa,reasoning,T_A,24,0.287000
Llama-3.1-8B-Instruct,llama,MathQA,math-qa,reasoning,T_A,25,0.290000
Llama-3.1-8B-Instruct,llama,MathQA,math-qa,reasoning,T_A,26,0.293000
Llama-3.1-8B-Instruct,llama,MathQA,math-qa,reasoning,T_A,27,0.283000
Llama-3.1-8B-Instruct,llama,MathQA,math-qa,reasoning,T_A,28,0.276000
Llama-3.1-8B-Instruct,llama,MathQA,math-qa,reasoning,T_A,29,0.285000
Llama-3.1-8B-Instruct,llama,MathQA,math-qa,reasoning,T_A,30,0.289000
Llama-3.1-8B-Instruct,llama,MathQA,math-qa,reasoning,T_A,31,0.286000
Llama-3.1-8B-Instruct,llama,MathQA,math-qa,reasoning,T_A,32,0.285000
Llama-3.1-8B-Instruct,llama,MathQA,math-qa,reasoning,T_K,0,0.237000
Llama-3.1-8B-Instruct,llama,MathQA,math-qa,reasoning,T_K,1,0.233000
Llama-3.1-8B-Instruct,llama,MathQA,math-qa,reasoning,T_K,2,0.247000
Llama-3.1-8B-Instruct,llama,MathQA,math-qa,reasoning,T_K,3,0.250000
Llama-3.1-8B-Instruct,llama,MathQA,math-qa,reasoning,T_K,4,0.251000
Llama-3.1-8B-Instruct,llama,MathQA,math-qa,reasoning,T_K,5,0.247000
Llama-3.1-8B-Instruct,llama,MathQA,math-qa,reasoning,T_K,6,0.251000
Llama-3.1-8B-Instruct,llama,MathQA,math-qa,reasoning,T_K,7,0.248000
Llama-3.1-8B-Instruct,llama,MathQA,math-qa,reasoning,T_K,8,0.247000
Llama-3.1-8B-Instruct,llama,MathQA,math-qa,reasoning,T_K,9,0.257000
Llama-3.1-8B-Instruct,llama,MathQA,math-qa,reasoning,T_K,10,0.248000
Llama-3.1-8B-Instruct,llama,MathQA,math-qa,reasoning,T_K,11,0.237000
Llama-3.1-8B-Instruct,llama,MathQA,math-qa,reasoning,T_K,12,0.246000
Llama-3.1-8B-Instruct,llama,MathQA,math-qa,reasoning,T_K,13,0.239000
Llama-3.1-8B-Instruct,llama,MathQA,math-qa,reasoning,T_K,14,0.231000
Llama-3.1-8B-Instruct,llama,MathQA,math-qa,reasoning,T_K,15,0.244000
Llama-3.1-8B-Instruct,llama,MathQA,math-qa,reasoning,T_K,16,0.257000
Llama-3.1-8B-Instruct,llama,MathQA,math-qa,reasoning,T_K,17,0.249000
Llama-3.1-8B-Instruct,llama,MathQA,math-qa,reasoning,T_K,18,0.289000
Llama-3.1-8B-Instruct,llama,MathQA,math-qa,reasoning,T_K,19,0.298000
Llama-3.1-8B-Instruct,llama,MathQA,math-qa,reasoning,T_K,20,0.298000
Llama-3.1-8B-Instruct,llama,MathQA,math-qa,reasoning,T_K,21,0.306000
Llama-3.1-8B-Instruct,llama,MathQA,math-qa,reasoning,T_K,22,0.307000
Llama-3.1-8B-Instruct,llama,MathQA,math-qa,reasoning,T_K,23,0.302000
Llama-3.1-8B-Instruct,llama,MathQA,math-qa,reasoning,T_K,24,0.278000
Llama-3.1-8B-Instruct,llama,MathQA,math-qa,reasoning,T_K,25,0.269000
Llama-3.1-8B-Instruct,llama,MathQA,math-qa,reasoning,T_K,26,0.262000
Llama-3.1-8B-Instruct,llama,MathQA,math-qa,reasoning,T_K,27,0.289000
Llama-3.1-8B-Instruct,llama,MathQA,math-qa,reasoning,T_K,28,0.276000
Llama-3.1-8B-Instruct,llama,MathQA,math-qa,reasoning,T_K,29,0.278000
Llama-3.1-8B-Instruct,llama,MathQA,math-qa,reasoning,T_K,30,0.279000
Llama-3.1-8B-Instruct,llama,MathQA,math-qa,reasoning,T_K,31,0.295000
Llama-3.1-8B-Instruct,llama,MathQA,math-qa,reasoning,T_K,32,0.273000
Llama-3.1-8B-Instruct,llama,MathQA,math-qa,reasoning,T_N,0,0.221000
Llama-3.1-8B-Instruct,llama,MathQA,math-qa,reasoning,T_N,1,0.234000
Llama-3.1-8B-Instruct,llama,MathQA,math-qa,reasoning,T_N,2,0.215000
Llama-3.1-8B-Instruct,llama,MathQA,math-qa,reasoning,T_N,3,0.229000
Llama-3.1-8B-Instruct,llama,MathQA,math-qa,reasoning,T_N,4,0.230000
Llama-3.1-8B-Instruct,llama,MathQA,math-qa,reasoning,T_N,5,0.248000
Llama-3.1-8B-Instruct,llama,MathQA,math-qa,reasoning,T_N,6,0.249000
Llama-3.1-8B-Instruct,llama,MathQA,math-qa,reasoning,T_N,7,0.251000
Llama-3.1-8B-Instruct,llama,MathQA,math-qa,reasoning,T_N,8,0.251000
Llama-3.1-8B-Instruct,llama,MathQA,math-qa,reasoning,T_N,9,0.245000
Llama-3.1-8B-Instruct,llama,MathQA,math-qa,reasoning,T_N,10,0.235000
Llama-3.1-8B-Instruct,llama,MathQA,math-qa,reasoning,T_N,11,0.244000
Llama-3.1-8B-Instruct,llama,MathQA,math-qa,reasoning,T_N,12,0.229000
Llama-3.1-8B-Instruct,llama,MathQA,math-qa,reasoning,T_N,13,0.252000
Llama-3.1-8B-Instruct,llama,MathQA,math-qa,reasoning,T_N,14,0.253000
Llama-3.1-8B-Instruct,llama,MathQA,math-qa,reasoning,T_N,15,0.247000
Llama-3.1-8B-Instruct,llama,MathQA,math-qa,reasoning,T_N,16,0.239000
Llama-3.1-8B-Instruct,llama,MathQA,math-qa,reasoning,T_N,17,0.217000
Llama-3.1-8B-Instruct,llama,MathQA,math-qa,reasoning,T_N,18,0.224000
Llama-3.1-8B-Instruct,llama,MathQA,math-qa,reasoning,T_N,19,0.226000
Llama-3.1-8B-Instruct,llama,MathQA,math-qa,reasoning,T_N,20,0.233000
Llama-3.1-8B-Instruct,llama,MathQA,math-qa,reasoning,T_N,21,0.240000
Llama-3.1-8B-Instruct,llama,MathQA,math-qa,reasoning,T_N,22,0.231000
Llama-3.1-8B-Instruct,llama,MathQA,math-qa,reasoning,T_N,23,0.231000
Llama-3.1-8B-Instruct,llama,MathQA,math-qa,reasoning,T_N,24,0.230000
Llama-3.1-8B-Instruct,llama,MathQA,math-qa,reasoning,T_N,25,0.230000
Llama-3.1-8B-Instruct,llama,MathQA,math-qa,reasoning,T_N,26,0.235000
Llama-3.1-8B-Instruct,llama,MathQA,math-qa,reasoning,T_N,27,0.235000
Llama-3.1-8B-Instruct,llama,MathQA,math-qa,reasoning,T_N,28,0.234000
Llama-3.1-8B-Instruct,llama,MathQA,math-qa,reasoning,T_N,29,0.222000
Llama-3.1-8B-Instruct,llama,MathQA,math-qa,reasoning,T_N,30,0.228000
Llama-3.1-8B-Instruct,llama,MathQA,math-qa,reasoning,T_N,31,0.230000
Llama-3.1-8B-Instruct,llama,MathQA,math-qa,reasoning,T_N,32,0.219000
Llama-3.1-8B-Instruct,llama,MathQA,math-qa,reasoning,T_R,0,0.237000
Llama-3.1-8B-Instruct,llama,MathQA,math-qa,reasoning,T_R,1,0.237000
Llama-3.1-8B-Instruct,llama,MathQA,math-qa,reasoning,T_R,2,0.237000
Llama-3.1-8B-Instruct,llama,MathQA,math-qa,reasoning,T_R,3,0.232000
Llama-3.1-8B-Instruct,llama,MathQA,math-qa,reasoning,T_R,4,0.241000
Llama-3.1-8B-Instruct,llama,MathQA,math-qa,reasoning,T_R,5,0.247000
Llama-3.1-8B-Instruct,llama,MathQA,math-qa,reasoning,T_R,6,0.249000
Llama-3.1-8B-Instruct,llama,MathQA,math-qa,reasoning,T_R,7,0.238000
Llama-3.1-8B-Instruct,llama,MathQA,math-qa,reasoning,T_R,8,0.237000
Llama-3.1-8B-Instruct,llama,MathQA,math-qa,reasoning,T_R,9,0.241000
Llama-3.1-8B-Instruct,llama,MathQA,math-qa,reasoning,T_R,10,0.247000
Llama-3.1-8B-Instruct,llama,MathQA,math-qa,reasoning,T_R,11,0.225000
Llama-3.1-8B-Instruct,llama,MathQA,math-qa,reasoning,T_R,12,0.231000
Llama-3.1-8B-Instruct,llama,MathQA,math-qa,reasoning,T_R,13,0.226000
Llama-3.1-8B-Instruct,llama,MathQA,math-qa,reasoning,T_R,14,0.242000
Llama-3.1-8B-Instruct,llama,MathQA,math-qa,reasoning,T_R,15,0.281000
Llama-3.1-8B-Instruct,llama,MathQA,math-qa,reasoning,T_R,16,0.255000
Llama-3.1-8B-Instruct,llama,MathQA,math-qa,reasoning,T_R,17,0.237000
Llama-3.1-8B-Instruct,llama,MathQA,math-qa,reasoning,T_R,18,0.282000
Llama-3.1-8B-Instruct,llama,MathQA,math-qa,reasoning,T_R,19,0.288000
Llama-3.1-8B-Instruct,llama,MathQA,math-qa,reasoning,T_R,20,0.287000
Llama-3.1-8B-Instruct,llama,MathQA,math-qa,reasoning,T_R,21,0.293000
Llama-3.1-8B-Instruct,llama,MathQA,math-qa,reasoning,T_R,22,0.300000
Llama-3.1-8B-Instruct,llama,MathQA,math-qa,reasoning,T_R,23,0.280000
Llama-3.1-8B-Instruct,llama,MathQA,math-qa,reasoning,T_R,24,0.266000
Llama-3.1-8B-Instruct,llama,MathQA,math-qa,reasoning,T_R,25,0.246000
Llama-3.1-8B-Instruct,llama,MathQA,math-qa,reasoning,T_R,26,0.254000
Llama-3.1-8B-Instruct,llama,MathQA,math-qa,reasoning,T_R,27,0.263000
Llama-3.1-8B-Instruct,llama,MathQA,math-qa,reasoning,T_R,28,0.259000
Llama-3.1-8B-Instruct,llama,MathQA,math-qa,reasoning,T_R,29,0.243000
Llama-3.1-8B-Instruct,llama,MathQA,math-qa,reasoning,T_R,30,0.243000
Llama-3.1-8B-Instruct,llama,MathQA,math-qa,reasoning,T_R,31,0.251000
Llama-3.1-8B-Instruct,llama,MathQA,math-qa,reasoning,T_R,32,0.240000
Llama-3.1-8B-Instruct,llama,SciQ,sciq,knowledge,T_A,0,0.253000
Llama-3.1-8B-Instruct,llama,SciQ,sciq,knowledge,T_A,1,0.246000
Llama-3.1-8B-Instruct,llama,SciQ,sciq,knowledge,T_A,2,0.247000
Llama-3.1-8B-Instruct,llama,SciQ,sciq,knowledge,T_A,3,0.251000
Llama-3.1-8B-Instruct,llama,SciQ,sciq,knowledge,T_A,4,0.236000
Llama-3.1-8B-Instruct,llama,SciQ,sciq,knowledge,T_A,5,0.256000
Llama-3.1-8B-Instruct,llama,SciQ,sciq,knowledge,T_A,6,0.278000
Llama-3.1-8B-Instruct,llama,SciQ,sciq,knowledge,T_A,7,0.263000
Llama-3.1-8B-Instruct,llama,SciQ,sciq,knowledge,T_A,8,0.283000
Llama-3.1-8B-Instruct,llama,SciQ,sciq,knowledge,T_A,9,0.306000
Llama-3.1-8B-Instruct,llama,SciQ,sciq,knowledge,T_A,10,0.375000
Llama-3.1-8B-Instruct,llama,SciQ,sciq,knowledge,T_A,11,0.455000
Llama-3.1-8B-Instruct,llama,SciQ,sciq,knowledge,T_A,12,0.584000
Llama-3.1-8B-Instruct,llama,SciQ,sciq,knowledge,T_A,13,0.694000
Llama-3.1-8B-Instruct,llama,SciQ,sciq,knowledge,T_A,14,0.802000
Llama-3.1-8B-Instruct,llama,SciQ,sciq,knowledge,T_A,15,0.881000
Llama-3.1-8B-Instruct,llama,SciQ,sciq,knowledge,T_A,16,0.870000
Llama-3.1-8B-Instruct,llama,SciQ,sciq,knowledge,T_A,17,0.863000
Llama-3.1-8B-Instruct,llama,SciQ,sciq,knowledge,T_A,18,0.923000
Llama-3.1-8B-Instruct,llama,SciQ,sciq,knowledge,T_A,19,0.926000
Llama-3.1-8B-Instruct,llama,SciQ,sciq,knowledge,T_A,20,0.926000
Llama-3.1-8B-Instruct,llama,SciQ,sciq,knowledge,T_A,21,0.928000
Llama-3.1-8B-Instruct,llama,SciQ,sciq,knowledge,T_A,22,0.929000
Llama-3.1-8B-Instruct,llama,SciQ,sciq,knowledge,T_A,23,0.933000
Llama-3.1-8B-Instruct,llama,SciQ,sciq,knowledge,T_A,24,0.929000
Llama-3.1-8B-Instruct,llama,SciQ,sciq,knowledge,T_A,25,0.927000
Llama-3.1-8B-Instruct,llama,SciQ,sciq,knowledge,T_A,26,0.925000
Llama-3.1-8B-Instruct,llama,SciQ,sciq,knowledge,T_A,27,0.925000
Llama-3.1-8B-Instruct,llama,SciQ,sciq,knowledge,T_A,28,0.928000
Llama-3.1-8B-Instruct,llama,SciQ,sciq,knowledge,T_A,29,0.925000
Llama-3.1-8B-Instruct,llama,SciQ,sciq,knowledge,T_A,30,0.922000
Llama-3.1-8B-Instruct,llama,SciQ,sciq,knowledge,T_A,31,0.921000
Llama-3.1-8B-Instruct,llama,SciQ,sciq,knowledge,T_A,32,0.919000
Llama-3.1-8B-Instruct,llama,SciQ,sciq,knowledge,T_K,0,0.253000
Llama-3.1-8B-Instruct,llama,SciQ,sciq,knowledge,T_K,1,0.245000
Llama-3.1-8B-Instruct,llama,SciQ,sciq,knowledge,T_K,2,0.237000
Llama-3.1-8B-Instruct,llama,SciQ,sciq,knowledge,T_K,3,0.252000
Llama-3.1-8B-Instruct,llama,SciQ,sciq,knowledge,T_K,4,0.252000
Llama-3.1-8B-Instruct,llama,SciQ,sciq,knowledge,T_K,5,0.251000
Llama-3.1-8B-Instruct,llama,SciQ,sciq,knowledge,T_K,6,0.255000
Llama-3.1-8B-Instruct,llama,SciQ,sciq,knowledge,T_K,7,0.264000
Llama-3.1-8B-Instruct,llama,SciQ,sciq,knowledge,T_K,8,0.273000
Llama-3.1-8B-Instruct,llama,SciQ,sciq,knowledge,T_K,9,0.293000
Llama-3.1-8B-Instruct,llama,SciQ,sciq,knowledge,T_K,10,0.312000
Llama-3.1-8B-Instruct,llama,SciQ,sciq,knowledge,T_K,11,0.384000
Llama-3.1-8B-Instruct,llama,SciQ,sciq,knowledge,T_K,12,0.446000
Llama-3.1-8B-Instruct,llama,SciQ,sciq,knowledge,T_K,13,0.518000
Llama-3.1-8B-Instruct,llama,SciQ,sciq,knowledge,T_K,14,0.632000
Llama-3.1-8B-Instruct,llama,SciQ,sciq,knowledge,T_K,15,0.660000
Llama-3.1-8B-Instruct,llama,SciQ,sciq,knowledge,T_K,16,0.731000
Llama-3.1-8B-Instruct,llama,SciQ,sciq,knowledge,T_K,17,0.758000
Llama-3.1-8B-Instruct,llama,SciQ,sciq,knowledge,T_K,18,0.889000
Llama-3.1-8B-Instruct,llama,SciQ,sciq,knowledge,T_K,19,0.884000
Llama-3.1-8B-Instruct,llama,SciQ,sciq,knowledge,T_K,20,0.893000
Llama-3.1-8B-Instruct,llama,SciQ,sciq,knowledge,T_K,21,0.891000
Llama-3.1-8B-Instruct,llama,SciQ,sciq,knowledge,T_K,22,0.886000
Llama-3.1-8B-Instruct,llama,SciQ,sciq,knowledge,T_K,23,0.898000
Llama-3.1-8B-Instruct,llama,SciQ,sciq,knowledge,T_K,24,0.898000
Llama-3.1-8B-Instruct,llama,SciQ,sciq,knowledge,T_K,25,0.900000
Llama-3.1-8B-Instruct,llama,SciQ,sciq,knowledge,T_K,26,0.895000
Llama-3.1-8B-Instruct,llama,SciQ,sciq,knowledge,T_K,27,0.900000
Llama-3.1-8B-Instruct,llama,SciQ,sciq,knowledge,T_K,28,0.900000
Llama-3.1-8B-Instruct,llama,SciQ,sciq,knowledge,T_K,29,0.903000
Llama-3.1-8B-Instruct,llama,SciQ,sciq,knowledge,T_K,30,0.906000
Llama-3.1-8B-Instruct,llama,SciQ,sciq,knowledge,T_K,31,0.908000
Llama-3.1-8B-Instruct,llama,SciQ,sciq,knowledge,T_K,32,0.895000
Llama-3.1-8B-Instruct,llama,SciQ,sciq,knowledge,T_N,0,0.275000
Llama-3.1-8B-Instruct,llama,SciQ,sciq,knowledge,T_N,1,0.286000
Llama-3.1-8B-Instruct,llama,SciQ,sciq,knowledge,T_N,2,0.306000
Llama-3.1-8B-Instruct,llama,SciQ,sciq,knowledge,T_N,3,0.324000
Llama-3.1-8B-Instruct,llama,SciQ,sciq,knowledge,T_N,4,0.315000
Llama-3.1-8B-Instruct,llama,SciQ,sciq,knowledge,T_N,5,0.311000
Llama-3.1-8B-Instruct,llama,SciQ,sciq,knowledge,T_N,6,0.355000
Llama-3.1-8B-Instruct,llama,SciQ,sciq,knowledge,T_N,7,0.381000
Llama-3.1-8B-Instruct,llama,SciQ,sciq,knowledge,T_N,8,0.413000
Llama-3.1-8B-Instruct,llama,SciQ,sciq,knowledge,T_N,9,0.440000
Llama-3.1-8B-Instruct,llama,SciQ,sciq,knowledge,T_N,10,0.456000
Llama-3.1-8B-Instruct,llama,SciQ,sciq,knowledge,T_N,11,0.492000
Llama-3.1-8B-Instruct,llama,SciQ,sciq,knowledge,T_N,12,0.552000
Llama-3.1-8B-Instruct,llama,SciQ,sciq,knowledge,T_N,13,0.603000
Llama-3.1-8B-Instruct,llama,SciQ,sciq,knowledge,T_N,14,0.601000
Llama-3.1-8B-Instruct,llama,SciQ,sciq,knowledge,T_N,15,0.579000
Llama-3.1-8B-Instruct,llama,SciQ,sciq,knowledge,T_N,16,0.572000
Llama-3.1-8B-Instruct,llama,SciQ,sciq,knowledge,T_N,17,0.570000
Llama-3.1-8B-Instruct,llama,SciQ,sciq,knowledge,T_N,18,0.559000
Llama-3.1-8B-Instruct,llama,SciQ,sciq,knowledge,T_N,19,0.530000
Llama-3.1-8B-Instruct,llama,SciQ,sciq,knowledge,T_N,20,0.557000
Llama-3.1-8B-Instruct,llama,SciQ,sciq,knowledge,T_N,21,0.541000
Llama-3.1-8B-Instruct,llama,SciQ,sciq,knowledge,T_N,22,0.527000
Llama-3.1-8B-Instruct,llama,SciQ,sciq,knowledge,T_N,23,0.526000
Llama-3.1-8B-Instruct,llama,SciQ,sciq,knowledge,T_N,24,0.526000
Llama-3.1-8B-Instruct,llama,SciQ,sciq,knowledge,T_N,25,0.536000
Llama-3.1-8B-Instruct,llama,SciQ,sciq,knowledge,T_N,26,0.543000
Llama-3.1-8B-Instruct,llama,SciQ,sciq,knowledge,T_N,27,0.545000
Llama-3.1-8B-Instruct,llama,SciQ,sciq,knowledge,T_N,28,0.545000
Llama-3.1-8B-Instruct,llama,SciQ,sciq,knowledge,T_N,29,0.555000
Llama-3.1-8B-Instruct,llama,SciQ,sciq,knowledge,T_N,30,0.542000
Llama-3.1-8B-Instruct,llama,SciQ,sciq,knowledge,T_N,31,0.575000
Llama-3.1-8B-Instruct,llama,SciQ,sciq,knowledge,T_N,32,0.559000
Llama-3.1-8B-Instruct,llama,SciQ,sciq,knowledge,T_R,0,0.253000
Llama-3.1-8B-Instruct,llama,SciQ,sciq,knowledge,T_R,1,0.253000
Llama-3.1-8B-Instruct,llama,SciQ,sciq,knowledge,T_R,2,0.251000
Llama-3.1-8B-Instruct,llama,SciQ,sciq,knowledge,T_R,3,0.228000
Llama-3.1-8B-Instruct,llama,SciQ,sciq,knowledge,T_R,4,0.243000
Llama-3.1-8B-Instruct,llama,SciQ,sciq,knowledge,T_R,5,0.244000
Llama-3.1-8B-Instruct,llama,SciQ,sciq,knowledge,T_R,6,0.239000
Llama-3.1-8B-Instruct,llama,SciQ,sciq,knowledge,T_R,7,0.227000
Llama-3.1-8B-Instruct,llama,SciQ,sciq,knowledge,T_R,8,0.241000
Llama-3.1-8B-Instruct,llama,SciQ,sciq,knowledge,T_R,9,0.271000
Llama-3.1-8B-Instruct,llama,SciQ,sciq,knowledge,T_R,10,0.278000
Llama-3.1-8B-Instruct,llama,SciQ,sciq,knowledge,T_R,11,0.383000
Llama-3.1-8B-Instruct,llama,SciQ,sciq,knowledge,T_R,12,0.450000
Llama-3.1-8B-Instruct,llama,SciQ,sciq,knowledge,T_R,13,0.551000
Llama-3.1-8B-Instruct,llama,SciQ,sciq,knowledge,T_R,14,0.803000
Llama-3.1-8B-Instruct,llama,SciQ,sciq,knowledge,T_R,15,0.871000
Llama-3.1-8B-Instruct,llama,SciQ,sciq,knowledge,T_R,16,0.849000
Llama-3.1-8B-Instruct,llama,SciQ,sciq,knowledge,T_R,17,0.841000
Llama-3.1-8B-Instruct,llama,SciQ,sciq,knowledge,T_R,18,0.916000
Llama-3.1-8B-Instruct,llama,SciQ,sciq,knowledge,T_R,19,0.924000
Llama-3.1-8B-Instruct,llama,SciQ,sciq,knowledge,T_R,20,0.922000
Llama-3.1-8B-Instruct,llama,SciQ,sciq,knowledge,T_R,21,0.922000
Llama-3.1-8B-Instruct,llama,SciQ,sciq,knowledge,T_R,22,0.922000
Llama-3.1-8B-Instruct,llama,SciQ,sciq,knowledge,T_R,23,0.923000
Llama-3.1-8B-Instruct,llama,SciQ,sciq,knowledge,T_R,24,0.921000
Llama-3.1-8B-Instruct,llama,SciQ,sciq,knowledge,T_R,25,0.923000
Llama-3.1-8B-Instruct,llama,SciQ,sciq,knowledge,T_R,26,0.922000
Llama-3.1-8B-Instruct,llama,SciQ,sciq,knowledge,T_R,27,0.923000
Llama-3.1-8B-Instruct,llama,SciQ,sciq,knowledge,T_R,28,0.922000
Llama-3.1-8B-Instruct,llama,SciQ,sciq,knowledge,T_R,29,0.919000
Llama-3.1-8B-Instruct,llama,SciQ,sciq,knowledge,T_R,30,0.923000
Llama-3.1-8B-Instruct,llama,SciQ,sciq,knowledge,T_R,31,0.920000
Llama-3.1-8B-Instruct,llama,SciQ,sciq,knowledge,T_R,32,0.915000
Olmo-3-7B-Instruct,olmo,BioMixQA,biomix-qa,knowledge,T_A,0,0.231994
Olmo-3-7B-Instruct,olmo,BioMixQA,biomix-qa,knowledge,T_A,1,0.231994
Olmo-3-7B-Instruct,olmo,BioMixQA,biomix-qa,knowledge,T_A,2,0.231994
Olmo-3-7B-Instruct,olmo,BioMixQA,biomix-qa,knowledge,T_A,3,0.205817
Olmo-3-7B-Instruct,olmo,BioMixQA,biomix-qa,knowledge,T_A,4,0.202591
Olmo-3-7B-Instruct,olmo,BioMixQA,biomix-qa,knowledge,T_A,5,0.199260
Olmo-3-7B-Instruct,olmo,BioMixQA,biomix-qa,knowledge,T_A,6,0.199313
Olmo-3-7B-Instruct,olmo,BioMixQA,biomix-qa,knowledge,T_A,7,0.222210
Olmo-3-7B-Instruct,olmo,BioMixQA,biomix-qa,knowledge,T_A,8,0.235537
Olmo-3-7B-Instruct,olmo,BioMixQA,biomix-qa,knowledge,T_A,9,0.232099
Olmo-3-7B-Instruct,olmo,BioMixQA,biomix-qa,knowledge,T_A,10,0.251772
Olmo-3-7B-Instruct,olmo,BioMixQA,biomix-qa,knowledge,T_A,11,0.281174
Olmo-3-7B-Instruct,olmo,BioMixQA,biomix-qa,knowledge,T_A,12,0.294183
Olmo-3-7B-Instruct,olmo,BioMixQA,biomix-qa,knowledge,T_A,13,0.330249
Olmo-3-7B-Instruct,olmo,BioMixQA,biomix-qa,knowledge,T_A,14,0.323585
Olmo-3-7B-Instruct,olmo,BioMixQA,biomix-qa,knowledge,T_A,15,0.333421
Olmo-3-7B-Instruct,olmo,BioMixQA,biomix-qa,knowledge,T_A,16,0.398572
Olmo-3-7B-Instruct,olmo,BioMixQA,biomix-qa,knowledge,T_A,17,0.421417
Olmo-3-7B-Instruct,olmo,BioMixQA,biomix-qa,knowledge,T_A,18,0.421364
Olmo-3-7B-Instruct,olmo,BioMixQA,biomix-qa,knowledge,T_A,19,0.411581
Olmo-3-7B-Instruct,olmo,BioMixQA,biomix-qa,knowledge,T_A,20,0.401957
Olmo-3-7B-Instruct,olmo,BioMixQA,biomix-qa,knowledge,T_A,21,0.405288
Olmo-3-7B-Instruct,olmo,BioMixQA,biomix-qa,knowledge,T_A,22,0.408567
Olmo-3-7B-Instruct,olmo,BioMixQA,biomix-qa,knowledge,T_A,23,0.411846
Olmo-3-7B-Instruct,olmo,BioMixQA,biomix-qa,knowledge,T_A,24,0.408461
Olmo-3-7B-Instruct,olmo,BioMixQA,biomix-qa,knowledge,T_A,25,0.402062
Olmo-3-7B-Instruct,olmo,BioMixQA,biomix-qa,knowledge,T_A,26,0.395399
Olmo-3-7B-Instruct,olmo,BioMixQA,biomix-qa,knowledge,T_A,27,0.392121
Olmo-3-7B-Instruct,olmo,BioMixQA,biomix-qa,knowledge,T_A,28,0.408567
Olmo-3-7B-Instruct,olmo,BioMixQA,biomix-qa,knowledge,T_A,29,0.424749
Olmo-3-7B-Instruct,olmo,BioMixQA,biomix-qa,knowledge,T_A,30,0.382232
Olmo-3-7B-Instruct,olmo,BioMixQA,biomix-qa,knowledge,T_A,31,0.378900
Olmo-3-7B-Instruct,olmo,BioMixQA,biomix-qa,knowledge,T_A,32,0.375780
Olmo-3-7B-Instruct,olmo,BioMixQA,biomix-qa,knowledge,T_K,0,0.231994
Olmo-3-7B-Instruct,olmo,BioMixQA,biomix-qa,knowledge,T_K,1,0.238657
Olmo-3-7B-Instruct,olmo,BioMixQA,biomix-qa,knowledge,T_K,2,0.192808
Olmo-3-7B-Instruct,olmo,BioMixQA,biomix-qa,knowledge,T_K,3,0.202591
Olmo-3-7B-Instruct,olmo,BioMixQA,biomix-qa,knowledge,T_K,4,0.189635
Olmo-3-7B-Instruct,olmo,BioMixQA,biomix-qa,knowledge,T_K,5,0.183131
Olmo-3-7B-Instruct,olmo,BioMixQA,biomix-qa,knowledge,T_K,6,0.176520
Olmo-3-7B-Instruct,olmo,BioMixQA,biomix-qa,knowledge,T_K,7,0.183131
Olmo-3-7B-Instruct,olmo,BioMixQA,biomix-qa,knowledge,T_K,8,0.202644
Olmo-3-7B-Instruct,olmo,BioMixQA,biomix-qa,knowledge,T_K,9,0.225648
Olmo-3-7B-Instruct,olmo,BioMixQA,biomix-qa,knowledge,T_K,10,0.222369
Olmo-3-7B-Instruct,olmo,BioMixQA,biomix-qa,knowledge,T_K,11,0.225595
Olmo-3-7B-Instruct,olmo,BioMixQA,biomix-qa,knowledge,T_K,12,0.228768
Olmo-3-7B-Instruct,olmo,BioMixQA,biomix-qa,knowledge,T_K,13,0.245161
Olmo-3-7B-Instruct,olmo,BioMixQA,biomix-qa,knowledge,T_K,14,0.238657
Olmo-3-7B-Instruct,olmo,BioMixQA,biomix-qa,knowledge,T_K,15,0.248493
Olmo-3-7B-Instruct,olmo,BioMixQA,biomix-qa,knowledge,T_K,16,0.248493
Olmo-3-7B-Instruct,olmo,BioMixQA,biomix-qa,knowledge,T_K,17,0.264833
Olmo-3-7B-Instruct,olmo,BioMixQA,biomix-qa,knowledge,T_K,18,0.268112
Olmo-3-7B-Instruct,olmo,BioMixQA,biomix-qa,knowledge,T_K,19,0.287678
Olmo-3-7B-Instruct,olmo,BioMixQA,biomix-qa,knowledge,T_K,20,0.297515
Olmo-3-7B-Instruct,olmo,BioMixQA,biomix-qa,knowledge,T_K,21,0.297515
Olmo-3-7B-Instruct,olmo,BioMixQA,biomix-qa,knowledge,T_K,22,0.317292
Olmo-3-7B-Instruct,olmo,BioMixQA,biomix-qa,knowledge,T_K,23,0.333527
Olmo-3-7B-Instruct,olmo,BioMixQA,biomix-qa,knowledge,T_K,24,0.336753
Olmo-3-7B-Instruct,olmo,BioMixQA,biomix-qa,knowledge,T_K,25,0.336700
Olmo-3-7B-Instruct,olmo,BioMixQA,biomix-qa,knowledge,T_K,26,0.333421
Olmo-3-7B-Instruct,olmo,BioMixQA,biomix-qa,knowledge,T_K,27,0.336647
Olmo-3-7B-Instruct,olmo,BioMixQA,biomix-qa,knowledge,T_K,28,0.346430
Olmo-3-7B-Instruct,olmo,BioMixQA,biomix-qa,knowledge,T_K,29,0.349868
Olmo-3-7B-Instruct,olmo,BioMixQA,biomix-qa,knowledge,T_K,30,0.346536
Olmo-3-7B-Instruct,olmo,BioMixQA,biomix-qa,knowledge,T_K,31,0.326811
Olmo-3-7B-Instruct,olmo,BioMixQA,biomix-qa,knowledge,T_K,32,0.310312
Olmo-3-7B-Instruct,olmo,BioMixQA,biomix-qa,knowledge,T_N,0,0.241883
Olmo-3-7B-Instruct,olmo,BioMixQA,biomix-qa,knowledge,T_N,1,0.254944
Olmo-3-7B-Instruct,olmo,BioMixQA,biomix-qa,knowledge,T_N,2,0.290904
Olmo-3-7B-Instruct,olmo,BioMixQA,biomix-qa,knowledge,T_N,3,0.284400
Olmo-3-7B-Instruct,olmo,BioMixQA,biomix-qa,knowledge,T_N,4,0.287731
Olmo-3-7B-Instruct,olmo,BioMixQA,biomix-qa,knowledge,T_N,5,0.287837
Olmo-3-7B-Instruct,olmo,BioMixQA,biomix-qa,knowledge,T_N,6,0.287626
Olmo-3-7B-Instruct,olmo,BioMixQA,biomix-qa,knowledge,T_N,7,0.274564
Olmo-3-7B-Instruct,olmo,BioMixQA,biomix-qa,knowledge,T_N,8,0.297409
Olmo-3-7B-Instruct,olmo,BioMixQA,biomix-qa,knowledge,T_N,9,0.284294
Olmo-3-7B-Instruct,olmo,BioMixQA,biomix-qa,knowledge,T_N,10,0.284400
Olmo-3-7B-Instruct,olmo,BioMixQA,biomix-qa,knowledge,T_N,11,0.284294
Olmo-3-7B-Instruct,olmo,BioMixQA,biomix-qa,knowledge,T_N,12,0.300635
Olmo-3-7B-Instruct,olmo,BioMixQA,biomix-qa,knowledge,T_N,13,0.290746
Olmo-3-7B-Instruct,olmo,BioMixQA,biomix-qa,knowledge,T_N,14,0.297462
Olmo-3-7B-Instruct,olmo,BioMixQA,biomix-qa,knowledge,T_N,15,0.316816
Olmo-3-7B-Instruct,olmo,BioMixQA,biomix-qa,knowledge,T_N,16,0.307086
Olmo-3-7B-Instruct,olmo,BioMixQA,biomix-qa,knowledge,T_N,17,0.323374
Olmo-3-7B-Instruct,olmo,BioMixQA,biomix-qa,knowledge,T_N,18,0.320148
Olmo-3-7B-Instruct,olmo,BioMixQA,biomix-qa,knowledge,T_N,19,0.336489
Olmo-3-7B-Instruct,olmo,BioMixQA,biomix-qa,knowledge,T_N,20,0.333210
Olmo-3-7B-Instruct,olmo,BioMixQA,biomix-qa,knowledge,T_N,21,0.320095
Olmo-3-7B-Instruct,olmo,BioMixQA,biomix-qa,knowledge,T_N,22,0.310365
Olmo-3-7B-Instruct,olmo,BioMixQA,biomix-qa,knowledge,T_N,23,0.323427
Olmo-3-7B-Instruct,olmo,BioMixQA,biomix-qa,knowledge,T_N,24,0.316922
Olmo-3-7B-Instruct,olmo,BioMixQA,biomix-qa,knowledge,T_N,25,0.316922
Olmo-3-7B-Instruct,olmo,BioMixQA,biomix-qa,knowledge,T_N,26,0.326758
Olmo-3-7B-Instruct,olmo,BioMixQA,biomix-qa,knowledge,T_N,27,0.316975
Olmo-3-7B-Instruct,olmo,BioMixQA,biomix-qa,knowledge,T_N,28,0.300476
Olmo-3-7B-Instruct,olmo,BioMixQA,biomix-qa,knowledge,T_N,29,0.307033
Olmo-3-7B-Instruct,olmo,BioMixQA,biomix-qa,knowledge,T_N,30,0.316922
Olmo-3-7B-Instruct,olmo,BioMixQA,biomix-qa,knowledge,T_N,31,0.343099
Olmo-3-7B-Instruct,olmo,BioMixQA,biomix-qa,knowledge,T_N,32,0.336489
Olmo-3-7B-Instruct,olmo,BioMixQA,biomix-qa,knowledge,T_R,0,0.231994
Olmo-3-7B-Instruct,olmo,BioMixQA,biomix-qa,knowledge,T_R,1,0.231994
Olmo-3-7B-Instruct,olmo,BioMixQA,biomix-qa,knowledge,T_R,2,0.231994
Olmo-3-7B-Instruct,olmo,BioMixQA,biomix-qa,knowledge,T_R,3,0.238604
Olmo-3-7B-Instruct,olmo,BioMixQA,biomix-qa,knowledge,T_R,4,0.245003
Olmo-3-7B-Instruct,olmo,BioMixQA,biomix-qa,knowledge,T_R,5,0.245056
Olmo-3-7B-Instruct,olmo,BioMixQA,biomix-qa,knowledge,T_R,6,0.222158
Olmo-3-7B-Instruct,olmo,BioMixQA,biomix-qa,knowledge,T_R,7,0.219038
Olmo-3-7B-Instruct,olmo,BioMixQA,biomix-qa,knowledge,T_R,8,0.202697
Olmo-3-7B-Instruct,olmo,BioMixQA,biomix-qa,knowledge,T_R,9,0.189741
Olmo-3-7B-Instruct,olmo,BioMixQA,biomix-qa,knowledge,T_R,10,0.186515
Olmo-3-7B-Instruct,olmo,BioMixQA,biomix-qa,knowledge,T_R,11,0.202750
Olmo-3-7B-Instruct,olmo,BioMixQA,biomix-qa,knowledge,T_R,12,0.238657
Olmo-3-7B-Instruct,olmo,BioMixQA,biomix-qa,knowledge,T_R,13,0.245108
Olmo-3-7B-Instruct,olmo,BioMixQA,biomix-qa,knowledge,T_R,14,0.238445
Olmo-3-7B-Instruct,olmo,BioMixQA,biomix-qa,knowledge,T_R,15,0.271021
Olmo-3-7B-Instruct,olmo,BioMixQA,biomix-qa,knowledge,T_R,16,0.391962
Olmo-3-7B-Instruct,olmo,BioMixQA,biomix-qa,knowledge,T_R,17,0.369223
Olmo-3-7B-Instruct,olmo,BioMixQA,biomix-qa,knowledge,T_R,18,0.372448
Olmo-3-7B-Instruct,olmo,BioMixQA,biomix-qa,knowledge,T_R,19,0.375621
Olmo-3-7B-Instruct,olmo,BioMixQA,biomix-qa,knowledge,T_R,20,0.411687
Olmo-3-7B-Instruct,olmo,BioMixQA,biomix-qa,knowledge,T_R,21,0.405182
Olmo-3-7B-Instruct,olmo,BioMixQA,biomix-qa,knowledge,T_R,22,0.375727
Olmo-3-7B-Instruct,olmo,BioMixQA,biomix-qa,knowledge,T_R,23,0.401798
Olmo-3-7B-Instruct,olmo,BioMixQA,biomix-qa,knowledge,T_R,24,0.411634
Olmo-3-7B-Instruct,olmo,BioMixQA,biomix-qa,knowledge,T_R,25,0.414860
Olmo-3-7B-Instruct,olmo,BioMixQA,biomix-qa,knowledge,T_R,26,0.395188
Olmo-3-7B-Instruct,olmo,BioMixQA,biomix-qa,knowledge,T_R,27,0.401745
Olmo-3-7B-Instruct,olmo,BioMixQA,biomix-qa,knowledge,T_R,28,0.411581
Olmo-3-7B-Instruct,olmo,BioMixQA,biomix-qa,knowledge,T_R,29,0.398625
Olmo-3-7B-Instruct,olmo,BioMixQA,biomix-qa,knowledge,T_R,30,0.415124
Olmo-3-7B-Instruct,olmo,BioMixQA,biomix-qa,knowledge,T_R,31,0.431412
Olmo-3-7B-Instruct,olmo,BioMixQA,biomix-qa,knowledge,T_R,32,0.424855
Olmo-3-7B-Instruct,olmo,LogiQA,logiqa,reasoning,T_A,0,0.278039
Olmo-3-7B-Instruct,olmo,LogiQA,logiqa,reasoning,T_A,1,0.258121
Olmo-3-7B-Instruct,olmo,LogiQA,logiqa,reasoning,T_A,2,0.252002
Olmo-3-7B-Instruct,olmo,LogiQA,logiqa,reasoning,T_A,3,0.230487
Olmo-3-7B-Instruct,olmo,LogiQA,logiqa,reasoning,T_A,4,0.227422
Olmo-3-7B-Instruct,olmo,LogiQA,logiqa,reasoning,T_A,5,0.233517
Olmo-3-7B-Instruct,olmo,LogiQA,logiqa,reasoning,T_A,6,0.233423
Olmo-3-7B-Instruct,olmo,LogiQA,logiqa,reasoning,T_A,7,0.224216
Olmo-3-7B-Instruct,olmo,LogiQA,logiqa,reasoning,T_A,8,0.231861
Olmo-3-7B-Instruct,olmo,LogiQA,logiqa,reasoning,T_A,9,0.234985
Olmo-3-7B-Instruct,olmo,LogiQA,logiqa,reasoning,T_A,10,0.254880
Olmo-3-7B-Instruct,olmo,LogiQA,logiqa,reasoning,T_A,11,0.227246
Olmo-3-7B-Instruct,olmo,LogiQA,logiqa,reasoning,T_A,12,0.216536
Olmo-3-7B-Instruct,olmo,LogiQA,logiqa,reasoning,T_A,13,0.225778
Olmo-3-7B-Instruct,olmo,LogiQA,logiqa,reasoning,T_A,14,0.230382
Olmo-3-7B-Instruct,olmo,LogiQA,logiqa,reasoning,T_A,15,0.242725
Olmo-3-7B-Instruct,olmo,LogiQA,logiqa,reasoning,T_A,16,0.287270
Olmo-3-7B-Instruct,olmo,LogiQA,logiqa,reasoning,T_A,17,0.293400
Olmo-3-7B-Instruct,olmo,LogiQA,logiqa,reasoning,T_A,18,0.296453
Olmo-3-7B-Instruct,olmo,LogiQA,logiqa,reasoning,T_A,19,0.299554
Olmo-3-7B-Instruct,olmo,LogiQA,logiqa,reasoning,T_A,20,0.296489
Olmo-3-7B-Instruct,olmo,LogiQA,logiqa,reasoning,T_A,21,0.301069
Olmo-3-7B-Instruct,olmo,LogiQA,logiqa,reasoning,T_A,22,0.305672
Olmo-3-7B-Instruct,olmo,LogiQA,logiqa,reasoning,T_A,23,0.299577
Olmo-3-7B-Instruct,olmo,LogiQA,logiqa,reasoning,T_A,24,0.281080
Olmo-3-7B-Instruct,olmo,LogiQA,logiqa,reasoning,T_A,25,0.277992
Olmo-3-7B-Instruct,olmo,LogiQA,logiqa,reasoning,T_A,26,0.287270
Olmo-3-7B-Instruct,olmo,LogiQA,logiqa,reasoning,T_A,27,0.274974
Olmo-3-7B-Instruct,olmo,LogiQA,logiqa,reasoning,T_A,28,0.296465
Olmo-3-7B-Instruct,olmo,LogiQA,logiqa,reasoning,T_A,29,0.294915
Olmo-3-7B-Instruct,olmo,LogiQA,logiqa,reasoning,T_A,30,0.304146
Olmo-3-7B-Instruct,olmo,LogiQA,logiqa,reasoning,T_A,31,0.304181
Olmo-3-7B-Instruct,olmo,LogiQA,logiqa,reasoning,T_A,32,0.301080
Olmo-3-7B-Instruct,olmo,LogiQA,logiqa,reasoning,T_K,0,0.274962
Olmo-3-7B-Instruct,olmo,LogiQA,logiqa,reasoning,T_K,1,0.231967
Olmo-3-7B-Instruct,olmo,LogiQA,logiqa,reasoning,T_K,2,0.241198
Olmo-3-7B-Instruct,olmo,LogiQA,logiqa,reasoning,T_K,3,0.235044
Olmo-3-7B-Instruct,olmo,LogiQA,logiqa,reasoning,T_K,4,0.224287
Olmo-3-7B-Instruct,olmo,LogiQA,logiqa,reasoning,T_K,5,0.216594
Olmo-3-7B-Instruct,olmo,LogiQA,logiqa,reasoning,T_K,6,0.218097
Olmo-3-7B-Instruct,olmo,LogiQA,logiqa,reasoning,T_K,7,0.227317
Olmo-3-7B-Instruct,olmo,LogiQA,logiqa,reasoning,T_K,8,0.218133
Olmo-3-7B-Instruct,olmo,LogiQA,logiqa,reasoning,T_K,9,0.207375
Olmo-3-7B-Instruct,olmo,LogiQA,logiqa,reasoning,T_K,10,0.247281
Olmo-3-7B-Instruct,olmo,LogiQA,logiqa,reasoning,T_K,11,0.228796
Olmo-3-7B-Instruct,olmo,LogiQA,logiqa,reasoning,T_K,12,0.239612
Olmo-3-7B-Instruct,olmo,LogiQA,logiqa,reasoning,T_K,13,0.253470
Olmo-3-7B-Instruct,olmo,LogiQA,logiqa,reasoning,T_K,14,0.244251
Olmo-3-7B-Instruct,olmo,LogiQA,logiqa,reasoning,T_K,15,0.253412
Olmo-3-7B-Instruct,olmo,LogiQA,logiqa,reasoning,T_K,16,0.241174
Olmo-3-7B-Instruct,olmo,LogiQA,logiqa,reasoning,T_K,17,0.247270
Olmo-3-7B-Instruct,olmo,LogiQA,logiqa,reasoning,T_K,18,0.253435
Olmo-3-7B-Instruct,olmo,LogiQA,logiqa,reasoning,T_K,19,0.253400
Olmo-3-7B-Instruct,olmo,LogiQA,logiqa,reasoning,T_K,20,0.242701
Olmo-3-7B-Instruct,olmo,LogiQA,logiqa,reasoning,T_K,21,0.238121
Olmo-3-7B-Instruct,olmo,LogiQA,logiqa,reasoning,T_K,22,0.247305
Olmo-3-7B-Instruct,olmo,LogiQA,logiqa,reasoning,T_K,23,0.248831
Olmo-3-7B-Instruct,olmo,LogiQA,logiqa,reasoning,T_K,24,0.234985
Olmo-3-7B-Instruct,olmo,LogiQA,logiqa,reasoning,T_K,25,0.236536
Olmo-3-7B-Instruct,olmo,LogiQA,logiqa,reasoning,T_K,26,0.247270
Olmo-3-7B-Instruct,olmo,LogiQA,logiqa,reasoning,T_K,27,0.228855
Olmo-3-7B-Instruct,olmo,LogiQA,logiqa,reasoning,T_K,28,0.213506
Olmo-3-7B-Instruct,olmo,LogiQA,logiqa,reasoning,T_K,29,0.222736
Olmo-3-7B-Instruct,olmo,LogiQA,logiqa,reasoning,T_K,30,0.219624
Olmo-3-7B-Instruct,olmo,LogiQA,logiqa,reasoning,T_K,31,0.216594
Olmo-3-7B-Instruct,olmo,LogiQA,logiqa,reasoning,T_K,32,0.222725
Olmo-3-7B-Instruct,olmo,LogiQA,logiqa,reasoning,T_N,0,0.284181
Olmo-3-7B-Instruct,olmo,LogiQA,logiqa,reasoning,T_N,1,0.268831
Olmo-3-7B-Instruct,olmo,LogiQA,logiqa,reasoning,T_N,2,0.264193
Olmo-3-7B-Instruct,olmo,LogiQA,logiqa,reasoning,T_N,3,0.250393
Olmo-3-7B-Instruct,olmo,LogiQA,logiqa,reasoning,T_N,4,0.242736
Olmo-3-7B-Instruct,olmo,LogiQA,logiqa,reasoning,T_N,5,0.227340
Olmo-3-7B-Instruct,olmo,LogiQA,logiqa,reasoning,T_N,6,0.242678
Olmo-3-7B-Instruct,olmo,LogiQA,logiqa,reasoning,T_N,7,0.250346
Olmo-3-7B-Instruct,olmo,LogiQA,logiqa,reasoning,T_N,8,0.248855
Olmo-3-7B-Instruct,olmo,LogiQA,logiqa,reasoning,T_N,9,0.253447
Olmo-3-7B-Instruct,olmo,LogiQA,logiqa,reasoning,T_N,10,0.257980
Olmo-3-7B-Instruct,olmo,LogiQA,logiqa,reasoning,T_N,11,0.270370
Olmo-3-7B-Instruct,olmo,LogiQA,logiqa,reasoning,T_N,12,0.282748
Olmo-3-7B-Instruct,olmo,LogiQA,logiqa,reasoning,T_N,13,0.273564
Olmo-3-7B-Instruct,olmo,LogiQA,logiqa,reasoning,T_N,14,0.288855
Olmo-3-7B-Instruct,olmo,LogiQA,logiqa,reasoning,T_N,15,0.287281
Olmo-3-7B-Instruct,olmo,LogiQA,logiqa,reasoning,T_N,16,0.296500
Olmo-3-7B-Instruct,olmo,LogiQA,logiqa,reasoning,T_N,17,0.287270
Olmo-3-7B-Instruct,olmo,LogiQA,logiqa,reasoning,T_N,18,0.296524
Olmo-3-7B-Instruct,olmo,LogiQA,logiqa,reasoning,T_N,19,0.287281
Olmo-3-7B-Instruct,olmo,LogiQA,logiqa,reasoning,T_N,20,0.287305
Olmo-3-7B-Instruct,olmo,LogiQA,logiqa,reasoning,T_N,21,0.273482
Olmo-3-7B-Instruct,olmo,LogiQA,logiqa,reasoning,T_N,22,0.284263
Olmo-3-7B-Instruct,olmo,LogiQA,logiqa,reasoning,T_N,23,0.274997
Olmo-3-7B-Instruct,olmo,LogiQA,logiqa,reasoning,T_N,24,0.282748
Olmo-3-7B-Instruct,olmo,LogiQA,logiqa,reasoning,T_N,25,0.275009
Olmo-3-7B-Instruct,olmo,LogiQA,logiqa,reasoning,T_N,26,0.276594
Olmo-3-7B-Instruct,olmo,LogiQA,logiqa,reasoning,T_N,27,0.250440
Olmo-3-7B-Instruct,olmo,LogiQA,logiqa,reasoning,T_N,28,0.261151
Olmo-3-7B-Instruct,olmo,LogiQA,logiqa,reasoning,T_N,29,0.238191
Olmo-3-7B-Instruct,olmo,LogiQA,logiqa,reasoning,T_N,30,0.247387
Olmo-3-7B-Instruct,olmo,LogiQA,logiqa,reasoning,T_N,31,0.239648
Olmo-3-7B-Instruct,olmo,LogiQA,logiqa,reasoning,T_N,32,0.245790
Olmo-3-7B-Instruct,olmo,LogiQA,logiqa,reasoning,T_R,0,0.278039
Olmo-3-7B-Instruct,olmo,LogiQA,logiqa,reasoning,T_R,1,0.258133
Olmo-3-7B-Instruct,olmo,LogiQA,logiqa,reasoning,T_R,2,0.255056
Olmo-3-7B-Instruct,olmo,LogiQA,logiqa,reasoning,T_R,3,0.244275
Olmo-3-7B-Instruct,olmo,LogiQA,logiqa,reasoning,T_R,4,0.235044
Olmo-3-7B-Instruct,olmo,LogiQA,logiqa,reasoning,T_R,5,0.227363
Olmo-3-7B-Instruct,olmo,LogiQA,logiqa,reasoning,T_R,6,0.198133
Olmo-3-7B-Instruct,olmo,LogiQA,logiqa,reasoning,T_R,7,0.210487
Olmo-3-7B-Instruct,olmo,LogiQA,logiqa,reasoning,T_R,8,0.225813
Olmo-3-7B-Instruct,olmo,LogiQA,logiqa,reasoning,T_R,9,0.231944
Olmo-3-7B-Instruct,olmo,LogiQA,logiqa,reasoning,T_R,10,0.241174
Olmo-3-7B-Instruct,olmo,LogiQA,logiqa,reasoning,T_R,11,0.230405
Olmo-3-7B-Instruct,olmo,LogiQA,logiqa,reasoning,T_R,12,0.231885
Olmo-3-7B-Instruct,olmo,LogiQA,logiqa,reasoning,T_R,13,0.233435
Olmo-3-7B-Instruct,olmo,LogiQA,logiqa,reasoning,T_R,14,0.244204
Olmo-3-7B-Instruct,olmo,LogiQA,logiqa,reasoning,T_R,15,0.261092
Olmo-3-7B-Instruct,olmo,LogiQA,logiqa,reasoning,T_R,16,0.304157
Olmo-3-7B-Instruct,olmo,LogiQA,logiqa,reasoning,T_R,17,0.302689
Olmo-3-7B-Instruct,olmo,LogiQA,logiqa,reasoning,T_R,18,0.318027
Olmo-3-7B-Instruct,olmo,LogiQA,logiqa,reasoning,T_R,19,0.311920
Olmo-3-7B-Instruct,olmo,LogiQA,logiqa,reasoning,T_R,20,0.324228
Olmo-3-7B-Instruct,olmo,LogiQA,logiqa,reasoning,T_R,21,0.316547
Olmo-3-7B-Instruct,olmo,LogiQA,logiqa,reasoning,T_R,22,0.302701
Olmo-3-7B-Instruct,olmo,LogiQA,logiqa,reasoning,T_R,23,0.296559
Olmo-3-7B-Instruct,olmo,LogiQA,logiqa,reasoning,T_R,24,0.285719
Olmo-3-7B-Instruct,olmo,LogiQA,logiqa,reasoning,T_R,25,0.301127
Olmo-3-7B-Instruct,olmo,LogiQA,logiqa,reasoning,T_R,26,0.307234
Olmo-3-7B-Instruct,olmo,LogiQA,logiqa,reasoning,T_R,27,0.302631
Olmo-3-7B-Instruct,olmo,LogiQA,logiqa,reasoning,T_R,28,0.308761
Olmo-3-7B-Instruct,olmo,LogiQA,logiqa,reasoning,T_R,29,0.302607
Olmo-3-7B-Instruct,olmo,LogiQA,logiqa,reasoning,T_R,30,0.311814
Olmo-3-7B-Instruct,olmo,LogiQA,logiqa,reasoning,T_R,31,0.302678
Olmo-3-7B-Instruct,olmo,LogiQA,logiqa,reasoning,T_R,32,0.287293
Olmo-3-7B-Instruct,olmo,MathQA,math-qa,reasoning,T_A,0,0.237000
Olmo-3-7B-Instruct,olmo,MathQA,math-qa,reasoning,T_A,1,0.229000
Olmo-3-7B-Instruct,olmo,MathQA,math-qa,reasoning,T_A,2,0.229000
Olmo-3-7B-Instruct,olmo,MathQA,math-qa,reasoning,T_A,3,0.231000
Olmo-3-7B-Instruct,olmo,MathQA,math-qa,reasoning,T_A,4,0.227000
Olmo-3-7B-Instruct,olmo,MathQA,math-qa,reasoning,T_A,5,0.245000
Olmo-3-7B-Instruct,olmo,MathQA,math-qa,reasoning,T_A,6,0.240000
Olmo-3-7B-Instruct,olmo,MathQA,math-qa,reasoning,T_A,7,0.231000
Olmo-3-7B-Instruct,olmo,MathQA,math-qa,reasoning,T_A,8,0.216000
Olmo-3-7B-Instruct,olmo,MathQA,math-qa,reasoning,T_A,9,0.228000
Olmo-3-7B-Instruct,olmo,MathQA,math-qa,reasoning,T_A,10,0.230000
Olmo-3-7B-Instruct,olmo,MathQA,math-qa,reasoning,T_A,11,0.236000
Olmo-3-7B-Instruct,olmo,MathQA,math-qa,reasoning,T_A,12,0.236000
Olmo-3-7B-Instruct,olmo,MathQA,math-qa,reasoning,T_A,13,0.236000
Olmo-3-7B-Instruct,olmo,MathQA,math-qa,reasoning,T_A,14,0.218000
Olmo-3-7B-Instruct,olmo,MathQA,math-qa,reasoning,T_A,15,0.234000
Olmo-3-7B-Instruct,olmo,MathQA,math-qa,reasoning,T_A,16,0.256000
Olmo-3-7B-Instruct,olmo,MathQA,math-qa,reasoning,T_A,17,0.265000
Olmo-3-7B-Instruct,olmo,MathQA,math-qa,reasoning,T_A,18,0.264000
Olmo-3-7B-Instruct,olmo,MathQA,math-qa,reasoning,T_A,19,0.255000
Olmo-3-7B-Instruct,olmo,MathQA,math-qa,reasoning,T_A,20,0.276000
Olmo-3-7B-Instruct,olmo,MathQA,math-qa,reasoning,T_A,21,0.266000
Olmo-3-7B-Instruct,olmo,MathQA,math-qa,reasoning,T_A,22,0.269000
Olmo-3-7B-Instruct,olmo,MathQA,math-qa,reasoning,T_A,23,0.264000
Olmo-3-7B-Instruct,olmo,MathQA,math-qa,reasoning,T_A,24,0.262000
Olmo-3-7B-Instruct,olmo,MathQA,math-qa,reasoning,T_A,25,0.253000
Olmo-3-7B-Instruct,olmo,MathQA,math-qa,reasoning,T_A,26,0.254000
Olmo-3-7B-Instruct,olmo,MathQA,math-qa,reasoning,T_A,27,0.267000
Olmo-3-7B-Instruct,olmo,MathQA,math-qa,reasoning,T_A,28,0.267000
Olmo-3-7B-Instruct,olmo,MathQA,math-qa,reasoning,T_A,29,0.272000
Olmo-3-7B-Instruct,olmo,MathQA,math-qa,reasoning,T_A,30,0.266000
Olmo-3-7B-Instruct,olmo,MathQA,math-qa,reasoning,T_A,31,0.272000
Olmo-3-7B-Instruct,olmo,MathQA,math-qa,reasoning,T_A,32,0.256000
Olmo-3-7B-Instruct,olmo,MathQA,math-qa,reasoning,T_K,0,0.237000
Olmo-3-7B-Instruct,olmo,MathQA,math-qa,reasoning,T_K,1,0.229000
Olmo-3-7B-Instruct,olmo,MathQA,math-qa,reasoning,T_K,2,0.241000
Olmo-3-7B-Instruct,olmo,MathQA,math-qa,reasoning,T_K,3,0.254000
Olmo-3-7B-Instruct,olmo,MathQA,math-qa,reasoning,T_K,4,0.230000
Olmo-3-7B-Instruct,olmo,MathQA,math-qa,reasoning,T_K,5,0.229000
Olmo-3-7B-Instruct,olmo,MathQA,math-qa,reasoning,T_K,6,0.222000
Olmo-3-7B-Instruct,olmo,MathQA,math-qa,reasoning,T_K,7,0.240000
Olmo-3-7B-Instruct,olmo,MathQA,math-qa,reasoning,T_K,8,0.223000
Olmo-3-7B-Instruct,olmo,MathQA,math-qa,reasoning,T_K,9,0.229000
Olmo-3-7B-Instruct,olmo,MathQA,math-qa,reasoning,T_K,10,0.233000
Olmo-3-7B-Instruct,olmo,MathQA,math-qa,reasoning,T_K,11,0.243000
Olmo-3-7B-Instruct,olmo,MathQA,math-qa,reasoning,T_K,12,0.227000
Olmo-3-7B-Instruct,olmo,MathQA,math-qa,reasoning,T_K,13,0.227000
Olmo-3-7B-Instruct,olmo,MathQA,math-qa,reasoning,T_K,14,0.217000
Olmo-3-7B-Instruct,olmo,MathQA,math-qa,reasoning,T_K,15,0.233000
Olmo-3-7B-Instruct,olmo,MathQA,math-qa,reasoning,T_K,16,0.231000
Olmo-3-7B-Instruct,olmo,MathQA,math-qa,reasoning,T_K,17,0.229000
Olmo-3-7B-Instruct,olmo,MathQA,math-qa,reasoning,T_K,18,0.237000
Olmo-3-7B-Instruct,olmo,MathQA,math-qa,reasoning,T_K,19,0.235000
Olmo-3-7B-Instruct,olmo,MathQA,math-qa,reasoning,T_K,20,0.254000
Olmo-3-7B-Instruct,olmo,MathQA,math-qa,reasoning,T_K,21,0.254000
Olmo-3-7B-Instruct,olmo,MathQA,math-qa,reasoning,T_K,22,0.246000
Olmo-3-7B-Instruct,olmo,MathQA,math-qa,reasoning,T_K,23,0.260000
Olmo-3-7B-Instruct,olmo,MathQA,math-qa,reasoning,T_K,24,0.263000
Olmo-3-7B-Instruct,olmo,MathQA,math-qa,reasoning,T_K,25,0.243000
Olmo-3-7B-Instruct,olmo,MathQA,math-qa,reasoning,T_K,26,0.260000
Olmo-3-7B-Instruct,olmo,MathQA,math-qa,reasoning,T_K,27,0.258000
Olmo-3-7B-Instruct,olmo,MathQA,math-qa,reasoning,T_K,28,0.255000
Olmo-3-7B-Instruct,olmo,MathQA,math-qa,reasoning,T_K,29,0.245000
Olmo-3-7B-Instruct,olmo,MathQA,math-qa,reasoning,T_K,30,0.241000
Olmo-3-7B-Instruct,olmo,MathQA,math-qa,reasoning,T_K,31,0.238000
Olmo-3-7B-Instruct,olmo,MathQA,math-qa,reasoning,T_K,32,0.240000
Olmo-3-7B-Instruct,olmo,MathQA,math-qa,reasoning,T_N,0,0.214000
Olmo-3-7B-Instruct,olmo,MathQA,math-qa,reasoning,T_N,1,0.236000
Olmo-3-7B-Instruct,olmo,MathQA,math-qa,reasoning,T_N,2,0.229000
Olmo-3-7B-Instruct,olmo,MathQA,math-qa,reasoning,T_N,3,0.232000
Olmo-3-7B-Instruct,olmo,MathQA,math-qa,reasoning,T_N,4,0.229000
Olmo-3-7B-Instruct,olmo,MathQA,math-qa,reasoning,T_N,5,0.237000
Olmo-3-7B-Instruct,olmo,MathQA,math-qa,reasoning,T_N,6,0.217000
Olmo-3-7B-Instruct,olmo,MathQA,math-qa,reasoning,T_N,7,0.219000
Olmo-3-7B-Instruct,olmo,MathQA,math-qa,reasoning,T_N,8,0.227000
Olmo-3-7B-Instruct,olmo,MathQA,math-qa,reasoning,T_N,9,0.236000
Olmo-3-7B-Instruct,olmo,MathQA,math-qa,reasoning,T_N,10,0.236000
Olmo-3-7B-Instruct,olmo,MathQA,math-qa,reasoning,T_N,11,0.237000
Olmo-3-7B-Instruct,olmo,MathQA,math-qa,reasoning,T_N,12,0.243000
Olmo-3-7B-Instruct,olmo,MathQA,math-qa,reasoning,T_N,13,0.252000
Olmo-3-7B-Instruct,olmo,MathQA,math-qa,reasoning,T_N,14,0.252000
Olmo-3-7B-Instruct,olmo,MathQA,math-qa,reasoning,T_N,15,0.255000
Olmo-3-7B-Instruct,olmo,MathQA,math-qa,reasoning,T_N,16,0.253000
Olmo-3-7B-Instruct,olmo,MathQA,math-qa,reasoning,T_N,17,0.255000
Olmo-3-7B-Instruct,olmo,MathQA,math-qa,reasoning,T_N,18,0.268000
Olmo-3-7B-Instruct,olmo,MathQA,math-qa,reasoning,T_N,19,0.260000
Olmo-3-7B-Instruct,olmo,MathQA,math-qa,reasoning,T_N,20,0.248000
Olmo-3-7B-Instruct,olmo,MathQA,math-qa,reasoning,T_N,21,0.262000
Olmo-3-7B-Instruct,olmo,MathQA,math-qa,reasoning,T_N,22,0.258000
Olmo-3-7B-Instruct,olmo,MathQA,math-qa,reasoning,T_N,23,0.233000
Olmo-3-7B-Instruct,olmo,MathQA,math-qa,reasoning,T_N,24,0.237000
Olmo-3-7B-Instruct,olmo,MathQA,math-qa,reasoning,T_N,25,0.242000
Olmo-3-7B-Instruct,olmo,MathQA,math-qa,reasoning,T_N,26,0.243000
Olmo-3-7B-Instruct,olmo,MathQA,math-qa,reasoning,T_N,27,0.240000
Olmo-3-7B-Instruct,olmo,MathQA,math-qa,reasoning,T_N,28,0.244000
Olmo-3-7B-Instruct,olmo,MathQA,math-qa,reasoning,T_N,29,0.258000
Olmo-3-7B-Instruct,olmo,MathQA,math-qa,reasoning,T_N,30,0.254000
Olmo-3-7B-Instruct,olmo,MathQA,math-qa,reasoning,T_N,31,0.257000
Olmo-3-7B-Instruct,olmo,MathQA,math-qa,reasoning,T_N,32,0.243000
Olmo-3-7B-Instruct,olmo,MathQA,math-qa,reasoning,T_R,0,0.237000
Olmo-3-7B-Instruct,olmo,MathQA,math-qa,reasoning,T_R,1,0.234000
Olmo-3-7B-Instruct,olmo,MathQA,math-qa,reasoning,T_R,2,0.229000
Olmo-3-7B-Instruct,olmo,MathQA,math-qa,reasoning,T_R,3,0.230000
Olmo-3-7B-Instruct,olmo,MathQA,math-qa,reasoning,T_R,4,0.238000
Olmo-3-7B-Instruct,olmo,MathQA,math-qa,reasoning,T_R,5,0.239000
Olmo-3-7B-Instruct,olmo,MathQA,math-qa,reasoning,T_R,6,0.239000
Olmo-3-7B-Instruct,olmo,MathQA,math-qa,reasoning,T_R,7,0.242000
Olmo-3-7B-Instruct,olmo,MathQA,math-qa,reasoning,T_R,8,0.235000
Olmo-3-7B-Instruct,olmo,MathQA,math-qa,reasoning,T_R,9,0.232000
Olmo-3-7B-Instruct,olmo,MathQA,math-qa,reasoning,T_R,10,0.227000
Olmo-3-7B-Instruct,olmo,MathQA,math-qa,reasoning,T_R,11,0.225000
Olmo-3-7B-Instruct,olmo,MathQA,math-qa,reasoning,T_R,12,0.232000
Olmo-3-7B-Instruct,olmo,MathQA,math-qa,reasoning,T_R,13,0.217000
Olmo-3-7B-Instruct,olmo,MathQA,math-qa,reasoning,T_R,14,0.230000
Olmo-3-7B-Instruct,olmo,MathQA,math-qa,reasoning,T_R,15,0.218000
Olmo-3-7B-Instruct,olmo,MathQA,math-qa,reasoning,T_R,16,0.278000
Olmo-3-7B-Instruct,olmo,MathQA,math-qa,reasoning,T_R,17,0.274000
Olmo-3-7B-Instruct,olmo,MathQA,math-qa,reasoning,T_R,18,0.264000
Olmo-3-7B-Instruct,olmo,MathQA,math-qa,reasoning,T_R,19,0.273000
Olmo-3-7B-Instruct,olmo,MathQA,math-qa,reasoning,T_R,20,0.276000
Olmo-3-7B-Instruct,olmo,MathQA,math-qa,reasoning,T_R,21,0.277000
Olmo-3-7B-Instruct,olmo,MathQA,math-qa,reasoning,T_R,22,0.284000
Olmo-3-7B-Instruct,olmo,MathQA,math-qa,reasoning,T_R,23,0.290000
Olmo-3-7B-Instruct,olmo,MathQA,math-qa,reasoning,T_R,24,0.290000
Olmo-3-7B-Instruct,olmo,MathQA,math-qa,reasoning,T_R,25,0.270000
Olmo-3-7B-Instruct,olmo,MathQA,math-qa,reasoning,T_R,26,0.276000
Olmo-3-7B-Instruct,olmo,MathQA,math-qa,reasoning,T_R,27,0.282000
Olmo-3-7B-Instruct,olmo,MathQA,math-qa,reasoning,T_R,28,0.277000
Olmo-3-7B-Instruct,olmo,MathQA,math-qa,reasoning,T_R,29,0.281000
Olmo-3-7B-Instruct,olmo,MathQA,math-qa,reasoning,T_R,30,0.285000
Olmo-3-7B-Instruct,olmo,MathQA,math-qa,reasoning,T_R,31,0.278000
Olmo-3-7B-Instruct,olmo,MathQA,math-qa,reasoning,T_R,32,0.288000
Olmo-3-7B-Instruct,olmo,SciQ,sciq,knowledge,T_A,0,0.253000
Olmo-3-7B-Instruct,olmo,SciQ,sciq,knowledge,T_A,1,0.254000
Olmo-3-7B-Instruct,olmo,SciQ,sciq,knowledge,T_A,2,0.244000
Olmo-3-7B-Instruct,olmo,SciQ,sciq,knowledge,T_A,3,0.266000
Olmo-3-7B-Instruct,olmo,SciQ,sciq,knowledge,T_A,4,0.277000
Olmo-3-7B-Instruct,olmo,SciQ,sciq,knowledge,T_A,5,0.279000
Olmo-3-7B-Instruct,olmo,SciQ,sciq,knowledge,T_A,6,0.258000
Olmo-3-7B-Instruct,olmo,SciQ,sciq,knowledge,T_A,7,0.288000
Olmo-3-7B-Instruct,olmo,SciQ,sciq,knowledge,T_A,8,0.284000
Olmo-3-7B-Instruct,olmo,SciQ,sciq,knowledge,T_A,9,0.278000
Olmo-3-7B-Instruct,olmo,SciQ,sciq,knowledge,T_A,10,0.300000
Olmo-3-7B-Instruct,olmo,SciQ,sciq,knowledge,T_A,11,0.335000
Olmo-3-7B-Instruct,olmo,SciQ,sciq,knowledge,T_A,12,0.363000
Olmo-3-7B-Instruct,olmo,SciQ,sciq,knowledge,T_A,13,0.484000
Olmo-3-7B-Instruct,olmo,SciQ,sciq,knowledge,T_A,14,0.576000
Olmo-3-7B-Instruct,olmo,SciQ,sciq,knowledge,T_A,15,0.643000
Olmo-3-7B-Instruct,olmo,SciQ,sciq,knowledge,T_A,16,0.861000
Olmo-3-7B-Instruct,olmo,SciQ,sciq,knowledge,T_A,17,0.885000
Olmo-3-7B-Instruct,olmo,SciQ,sciq,knowledge,T_A,18,0.880000
Olmo-3-7B-Instruct,olmo,SciQ,sciq,knowledge,T_A,19,0.880000
Olmo-3-7B-Instruct,olmo,SciQ,sciq,knowledge,T_A,20,0.895000
Olmo-3-7B-Instruct,olmo,SciQ,sciq,knowledge,T_A,21,0.894000
Olmo-3-7B-Instruct,olmo,SciQ,sciq,knowledge,T_A,22,0.894000
Olmo-3-7B-Instruct,olmo,SciQ,sciq,knowledge,T_A,23,0.893000
Olmo-3-7B-Instruct,olmo,SciQ,sciq,knowledge,T_A,24,0.897000
Olmo-3-7B-Instruct,olmo,SciQ,sciq,knowledge,T_A,25,0.895000
Olmo-3-7B-Instruct,olmo,SciQ,sciq,knowledge,T_A,26,0.897000
Olmo-3-7B-Instruct,olmo,SciQ,sciq,knowledge,T_A,27,0.902000
Olmo-3-7B-Instruct,olmo,SciQ,sciq,knowledge,T_A,28,0.901000
Olmo-3-7B-Instruct,olmo,SciQ,sciq,knowledge,T_A,29,0.901000
Olmo-3-7B-Instruct,olmo,SciQ,sciq,knowledge,T_A,30,0.896000
Olmo-3-7B-Instruct,olmo,SciQ,sciq,knowledge,T_A,31,0.900000
Olmo-3-7B-Instruct,olmo,SciQ,sciq,knowledge,T_A,32,0.899000
Olmo-3-7B-Instruct,olmo,SciQ,sciq,knowledge,T_K,0,0.253000
Olmo-3-7B-Instruct,olmo,SciQ,sciq,knowledge,T_K,1,0.249000
Olmo-3-7B-Instruct,olmo,SciQ,sciq,knowledge,T_K,2,0.261000
Olmo-3-7B-Instruct,olmo,SciQ,sciq,knowledge,T_K,3,0.242000
Olmo-3-7B-Instruct,olmo,SciQ,sciq,knowledge,T_K,4,0.245000
Olmo-3-7B-Instruct,olmo,SciQ,sciq,knowledge,T_K,5,0.243000
Olmo-3-7B-Instruct,olmo,SciQ,sciq,knowledge,T_K,6,0.236000
Olmo-3-7B-Instruct,olmo,SciQ,sciq,knowledge,T_K,7,0.247000
Olmo-3-7B-Instruct,olmo,SciQ,sciq,knowledge,T_K,8,0.249000
Olmo-3-7B-Instruct,olmo,SciQ,sciq,knowledge,T_K,9,0.261000
Olmo-3-7B-Instruct,olmo,SciQ,sciq,knowledge,T_K,10,0.270000
Olmo-3-7B-Instruct,olmo,SciQ,sciq,knowledge,T_K,11,0.266000
Olmo-3-7B-Instruct,olmo,SciQ,sciq,knowledge,T_K,12,0.328000
Olmo-3-7B-Instruct,olmo,SciQ,sciq,knowledge,T_K,13,0.364000
Olmo-3-7B-Instruct,olmo,SciQ,sciq,knowledge,T_K,14,0.400000
Olmo-3-7B-Instruct,olmo,SciQ,sciq,knowledge,T_K,15,0.454000
Olmo-3-7B-Instruct,olmo,SciQ,sciq,knowledge,T_K,16,0.672000
Olmo-3-7B-Instruct,olmo,SciQ,sciq,knowledge,T_K,17,0.786000
Olmo-3-7B-Instruct,olmo,SciQ,sciq,knowledge,T_K,18,0.802000
Olmo-3-7B-Instruct,olmo,SciQ,sciq,knowledge,T_K,19,0.804000
Olmo-3-7B-Instruct,olmo,SciQ,sciq,knowledge,T_K,20,0.859000
Olmo-3-7B-Instruct,olmo,SciQ,sciq,knowledge,T_K,21,0.861000
Olmo-3-7B-Instruct,olmo,SciQ,sciq,knowledge,T_K,22,0.864000
Olmo-3-7B-Instruct,olmo,SciQ,sciq,knowledge,T_K,23,0.865000
Olmo-3-7B-Instruct,olmo,SciQ,sciq,knowledge,T_K,24,0.867000
Olmo-3-7B-Instruct,olmo,SciQ,sciq,knowledge,T_K,25,0.865000
Olmo-3-7B-Instruct,olmo,SciQ,sciq,knowledge,T_K,26,0.865000
Olmo-3-7B-Instruct,olmo,SciQ,sciq,knowledge,T_K,27,0.863000
Olmo-3-7B-Instruct,olmo,SciQ,sciq,knowledge,T_K,28,0.868000
Olmo-3-7B-Instruct,olmo,SciQ,sciq,knowledge,T_K,29,0.867000
Olmo-3-7B-Instruct,olmo,SciQ,sciq,knowledge,T_K,30,0.869000
Olmo-3-7B-Instruct,olmo,SciQ,sciq,knowledge,T_K,31,0.861000
Olmo-3-7B-Instruct,olmo,SciQ,sciq,knowledge,T_K,32,0.847000
Olmo-3-7B-Instruct,olmo,SciQ,sciq,knowledge,T_N,0,0.268000
Olmo-3-7B-Instruct,olmo,SciQ,sciq,knowledge,T_N,1,0.284000
Olmo-3-7B-Instruct,olmo,SciQ,sciq,knowledge,T_N,2,0.297000
Olmo-3-7B-Instruct,olmo,SciQ,sciq,knowledge,T_N,3,0.317000
Olmo-3-7B-Instruct,olmo,SciQ,sciq,knowledge,T_N,4,0.331000
Olmo-3-7B-Instruct,olmo,SciQ,sciq,knowledge,T_N,5,0.348000
Olmo-3-7B-Instruct,olmo,SciQ,sciq,knowledge,T_N,6,0.329000
Olmo-3-7B-Instruct,olmo,SciQ,sciq,knowledge,T_N,7,0.337000
Olmo-3-7B-Instruct,olmo,SciQ,sciq,knowledge,T_N,8,0.359000
Olmo-3-7B-Instruct,olmo,SciQ,sciq,knowledge,T_N,9,0.367000
Olmo-3-7B-Instruct,olmo,SciQ,sciq,knowledge,T_N,10,0.394000
Olmo-3-7B-Instruct,olmo,SciQ,sciq,knowledge,T_N,11,0.421000
Olmo-3-7B-Instruct,olmo,SciQ,sciq,knowledge,T_N,12,0.443000
Olmo-3-7B-Instruct,olmo,SciQ,sciq,knowledge,T_N,13,0.487000
Olmo-3-7B-Instruct,olmo,SciQ,sciq,knowledge,T_N,14,0.502000
Olmo-3-7B-Instruct,olmo,SciQ,sciq,knowledge,T_N,15,0.545000
Olmo-3-7B-Instruct,olmo,SciQ,sciq,knowledge,T_N,16,0.569000
Olmo-3-7B-Instruct,olmo,SciQ,sciq,knowledge,T_N,17,0.556000
Olmo-3-7B-Instruct,olmo,SciQ,sciq,knowledge,T_N,18,0.603000
Olmo-3-7B-Instruct,olmo,SciQ,sciq,knowledge,T_N,19,0.601000
Olmo-3-7B-Instruct,olmo,SciQ,sciq,knowledge,T_N,20,0.591000
Olmo-3-7B-Instruct,olmo,SciQ,sciq,knowledge,T_N,21,0.609000
Olmo-3-7B-Instruct,olmo,SciQ,sciq,knowledge,T_N,22,0.601000
Olmo-3-7B-Instruct,olmo,SciQ,sciq,knowledge,T_N,23,0.587000
Olmo-3-7B-Instruct,olmo,SciQ,sciq,knowledge,T_N,24,0.608000
Olmo-3-7B-Instruct,olmo,SciQ,sciq,knowledge,T_N,25,0.618000
Olmo-3-7B-Instruct,olmo,SciQ,sciq,knowledge,T_N,26,0.656000
Olmo-3-7B-Instruct,olmo,SciQ,sciq,knowledge,T_N,27,0.646000
Olmo-3-7B-Instruct,olmo,SciQ,sciq,knowledge,T_N,28,0.652000
Olmo-3-7B-Instruct,olmo,SciQ,sciq,knowledge,T_N,29,0.633000
Olmo-3-7B-Instruct,olmo,SciQ,sciq,knowledge,T_N,30,0.622000
Olmo-3-7B-Instruct,olmo,SciQ,sciq,knowledge,T_N,31,0.628000
Olmo-3-7B-Instruct,olmo,SciQ,sciq,knowledge,T_N,32,0.619000
Olmo-3-7B-Instruct,olmo,SciQ,sciq,knowledge,T_R,0,0.253000
Olmo-3-7B-Instruct,olmo,SciQ,sciq,knowledge,T_R,1,0.245000
Olmo-3-7B-Instruct,olmo,SciQ,sciq,knowledge,T_R,2,0.248000
Olmo-3-7B-Instruct,olmo,SciQ,sciq,knowledge,T_R,3,0.259000
Olmo-3-7B-Instruct,olmo,SciQ,sciq,knowledge,T_R,4,0.254000
Olmo-3-7B-Instruct,olmo,SciQ,sciq,knowledge,T_R,5,0.258000
Olmo-3-7B-Instruct,olmo,SciQ,sciq,knowledge,T_R,6,0.251000
Olmo-3-7B-Instruct,olmo,SciQ,sciq,knowledge,T_R,7,0.237000
Olmo-3-7B-Instruct,olmo,SciQ,sciq,knowledge,T_R,8,0.247000
Olmo-3-7B-Instruct,olmo,SciQ,sciq,knowledge,T_R,9,0.245000
Olmo-3-7B-Instruct,olmo,SciQ,sciq,knowledge,T_R,10,0.245000
Olmo-3-7B-Instruct,olmo,SciQ,sciq,knowledge,T_R,11,0.246000
Olmo-3-7B-Instruct,olmo,SciQ,sciq,knowledge,T_R,12,0.306000
Olmo-3-7B-Instruct,olmo,SciQ,sciq,knowledge,T_R,13,0.353000
Olmo-3-7B-Instruct,olmo,SciQ,sciq,knowledge,T_R,14,0.496000
Olmo-3-7B-Instruct,olmo,SciQ,sciq,knowledge,T_R,15,0.556000
Olmo-3-7B-Instruct,olmo,SciQ,sciq,knowledge,T_R,16,0.838000
Olmo-3-7B-Instruct,olmo,SciQ,sciq,knowledge,T_R,17,0.861000
Olmo-3-7B-Instruct,olmo,SciQ,sciq,knowledge,T_R,18,0.867000
Olmo-3-7B-Instruct,olmo,SciQ,sciq,knowledge,T_R,19,0.870000
Olmo-3-7B-Instruct,olmo,SciQ,sciq,knowledge,T_R,20,0.898000
Olmo-3-7B-Instruct,olmo,SciQ,sciq,knowledge,T_R,21,0.895000
Olmo-3-7B-Instruct,olmo,SciQ,sciq,knowledge,T_R,22,0.895000
Olmo-3-7B-Instruct,olmo,SciQ,sciq,knowledge,T_R,23,0.892000
Olmo-3-7B-Instruct,olmo,SciQ,sciq,knowledge,T_R,24,0.894000
Olmo-3-7B-Instruct,olmo,SciQ,sciq,knowledge,T_R,25,0.896000
Olmo-3-7B-Instruct,olmo,SciQ,sciq,knowledge,T_R,26,0.895000
Olmo-3-7B-Instruct,olmo,SciQ,sciq,knowledge,T_R,27,0.890000
Olmo-3-7B-Instruct,olmo,SciQ,sciq,knowledge,T_R,28,0.892000
Olmo-3-7B-Instruct,olmo,SciQ,sciq,knowledge,T_R,29,0.892000
Olmo-3-7B-Instruct,olmo,SciQ,sciq,knowledge,T_R,30,0.893000
Olmo-3-7B-Instruct,olmo,SciQ,sciq,knowledge,T_R,31,0.893000
Olmo-3-7B-Instruct,olmo,SciQ,sciq,knowledge,T_R,32,0.892000
Qwen2.5-7B-Instruct,qwen,BioMixQA,biomix-qa,knowledge,T_A,0,0.231994
Qwen2.5-7B-Instruct,qwen,BioMixQA,biomix-qa,knowledge,T_A,1,0.238498
Qwen2.5-7B-Instruct,qwen,BioMixQA,biomix-qa,knowledge,T_A,2,0.222210
Qwen2.5-7B-Instruct,qwen,BioMixQA,biomix-qa,knowledge,T_A,3,0.235167
Qwen2.5-7B-Instruct,qwen,BioMixQA,biomix-qa,knowledge,T_A,4,0.225331
Qwen2.5-7B-Instruct,qwen,BioMixQA,biomix-qa,knowledge,T_A,5,0.264622
Qwen2.5-7B-Instruct,qwen,BioMixQA,biomix-qa,knowledge,T_A,6,0.274352
Qwen2.5-7B-Instruct,qwen,BioMixQA,biomix-qa,knowledge,T_A,7,0.264305
Qwen2.5-7B-Instruct,qwen,BioMixQA,biomix-qa,knowledge,T_A,8,0.296986
Qwen2.5-7B-Instruct,qwen,BioMixQA,biomix-qa,knowledge,T_A,9,0.303755
Qwen2.5-7B-Instruct,qwen,BioMixQA,biomix-qa,knowledge,T_A,10,0.293707
Qwen2.5-7B-Instruct,qwen,BioMixQA,biomix-qa,knowledge,T_A,11,0.300423
Qwen2.5-7B-Instruct,qwen,BioMixQA,biomix-qa,knowledge,T_A,12,0.313485
Qwen2.5-7B-Instruct,qwen,BioMixQA,biomix-qa,knowledge,T_A,13,0.313538
Qwen2.5-7B-Instruct,qwen,BioMixQA,biomix-qa,knowledge,T_A,14,0.303808
Qwen2.5-7B-Instruct,qwen,BioMixQA,biomix-qa,knowledge,T_A,15,0.320148
Qwen2.5-7B-Instruct,qwen,BioMixQA,biomix-qa,knowledge,T_A,16,0.336489
Qwen2.5-7B-Instruct,qwen,BioMixQA,biomix-qa,knowledge,T_A,17,0.339820
Qwen2.5-7B-Instruct,qwen,BioMixQA,biomix-qa,knowledge,T_A,18,0.333210
Qwen2.5-7B-Instruct,qwen,BioMixQA,biomix-qa,knowledge,T_A,19,0.366155
Qwen2.5-7B-Instruct,qwen,BioMixQA,biomix-qa,knowledge,T_A,20,0.444421
Qwen2.5-7B-Instruct,qwen,BioMixQA,biomix-qa,knowledge,T_A,21,0.480434
Qwen2.5-7B-Instruct,qwen,BioMixQA,biomix-qa,knowledge,T_A,22,0.467266
Qwen2.5-7B-Instruct,qwen,BioMixQA,biomix-qa,knowledge,T_A,23,0.467160
Qwen2.5-7B-Instruct,qwen,BioMixQA,biomix-qa,knowledge,T_A,24,0.441195
Qwen2.5-7B-Instruct,qwen,BioMixQA,biomix-qa,knowledge,T_A,25,0.415071
Qwen2.5-7B-Instruct,qwen,BioMixQA,biomix-qa,knowledge,T_A,26,0.428133
Qwen2.5-7B-Instruct,qwen,BioMixQA,biomix-qa,knowledge,T_A,27,0.414966
Qwen2.5-7B-Instruct,qwen,BioMixQA,biomix-qa,knowledge,T_A,28,0.431148
Qwen2.5-7B-Instruct,qwen,BioMixQA,biomix-qa,knowledge,T_K,0,0.231994
Qwen2.5-7B-Instruct,qwen,BioMixQA,biomix-qa,knowledge,T_K,1,0.245267
Qwen2.5-7B-Instruct,qwen,BioMixQA,biomix-qa,knowledge,T_K,2,0.215759
Qwen2.5-7B-Instruct,qwen,BioMixQA,biomix-qa,knowledge,T_K,3,0.228821
Qwen2.5-7B-Instruct,qwen,BioMixQA,biomix-qa,knowledge,T_K,4,0.225436
Qwen2.5-7B-Instruct,qwen,BioMixQA,biomix-qa,knowledge,T_K,5,0.215706
Qwen2.5-7B-Instruct,qwen,BioMixQA,biomix-qa,knowledge,T_K,6,0.238551
Qwen2.5-7B-Instruct,qwen,BioMixQA,biomix-qa,knowledge,T_K,7,0.238551
Qwen2.5-7B-Instruct,qwen,BioMixQA,biomix-qa,knowledge,T_K,8,0.241777
Qwen2.5-7B-Instruct,qwen,BioMixQA,biomix-qa,knowledge,T_K,9,0.241830
Qwen2.5-7B-Instruct,qwen,BioMixQA,biomix-qa,knowledge,T_K,10,0.238551
Qwen2.5-7B-Instruct,qwen,BioMixQA,biomix-qa,knowledge,T_K,11,0.232099
Qwen2.5-7B-Instruct,qwen,BioMixQA,biomix-qa,knowledge,T_K,12,0.245214
Qwen2.5-7B-Instruct,qwen,BioMixQA,biomix-qa,knowledge,T_K,13,0.238657
Qwen2.5-7B-Instruct,qwen,BioMixQA,biomix-qa,knowledge,T_K,14,0.264675
Qwen2.5-7B-Instruct,qwen,BioMixQA,biomix-qa,knowledge,T_K,15,0.284294
Qwen2.5-7B-Instruct,qwen,BioMixQA,biomix-qa,knowledge,T_K,16,0.316975
Qwen2.5-7B-Instruct,qwen,BioMixQA,biomix-qa,knowledge,T_K,17,0.330090
Qwen2.5-7B-Instruct,qwen,BioMixQA,biomix-qa,knowledge,T_K,18,0.343099
Qwen2.5-7B-Instruct,qwen,BioMixQA,biomix-qa,knowledge,T_K,19,0.339979
Qwen2.5-7B-Instruct,qwen,BioMixQA,biomix-qa,knowledge,T_K,20,0.415124
Qwen2.5-7B-Instruct,qwen,BioMixQA,biomix-qa,knowledge,T_K,21,0.438075
Qwen2.5-7B-Instruct,qwen,BioMixQA,biomix-qa,knowledge,T_K,22,0.434796
Qwen2.5-7B-Instruct,qwen,BioMixQA,biomix-qa,knowledge,T_K,23,0.418667
Qwen2.5-7B-Instruct,qwen,BioMixQA,biomix-qa,knowledge,T_K,24,0.411951
Qwen2.5-7B-Instruct,qwen,BioMixQA,biomix-qa,knowledge,T_K,25,0.415230
Qwen2.5-7B-Instruct,qwen,BioMixQA,biomix-qa,knowledge,T_K,26,0.411898
Qwen2.5-7B-Instruct,qwen,BioMixQA,biomix-qa,knowledge,T_K,27,0.428239
Qwen2.5-7B-Instruct,qwen,BioMixQA,biomix-qa,knowledge,T_K,28,0.428451
Qwen2.5-7B-Instruct,qwen,BioMixQA,biomix-qa,knowledge,T_N,0,0.313749
Qwen2.5-7B-Instruct,qwen,BioMixQA,biomix-qa,knowledge,T_N,1,0.264886
Qwen2.5-7B-Instruct,qwen,BioMixQA,biomix-qa,knowledge,T_N,2,0.271232
Qwen2.5-7B-Instruct,qwen,BioMixQA,biomix-qa,knowledge,T_N,3,0.251613
Qwen2.5-7B-Instruct,qwen,BioMixQA,biomix-qa,knowledge,T_N,4,0.254944
Qwen2.5-7B-Instruct,qwen,BioMixQA,biomix-qa,knowledge,T_N,5,0.268059
Qwen2.5-7B-Instruct,qwen,BioMixQA,biomix-qa,knowledge,T_N,6,0.245214
Qwen2.5-7B-Instruct,qwen,BioMixQA,biomix-qa,knowledge,T_N,7,0.284506
Qwen2.5-7B-Instruct,qwen,BioMixQA,biomix-qa,knowledge,T_N,8,0.271285
Qwen2.5-7B-Instruct,qwen,BioMixQA,biomix-qa,knowledge,T_N,9,0.271338
Qwen2.5-7B-Instruct,qwen,BioMixQA,biomix-qa,knowledge,T_N,10,0.303913
Qwen2.5-7B-Instruct,qwen,BioMixQA,biomix-qa,knowledge,T_N,11,0.300582
Qwen2.5-7B-Instruct,qwen,BioMixQA,biomix-qa,knowledge,T_N,12,0.297462
Qwen2.5-7B-Instruct,qwen,BioMixQA,biomix-qa,knowledge,T_N,13,0.284506
Qwen2.5-7B-Instruct,qwen,BioMixQA,biomix-qa,knowledge,T_N,14,0.297620
Qwen2.5-7B-Instruct,qwen,BioMixQA,biomix-qa,knowledge,T_N,15,0.304125
Qwen2.5-7B-Instruct,qwen,BioMixQA,biomix-qa,knowledge,T_N,16,0.313802
Qwen2.5-7B-Instruct,qwen,BioMixQA,biomix-qa,knowledge,T_N,17,0.353041
Qwen2.5-7B-Instruct,qwen,BioMixQA,biomix-qa,knowledge,T_N,18,0.352988
Qwen2.5-7B-Instruct,qwen,BioMixQA,biomix-qa,knowledge,T_N,19,0.353146
Qwen2.5-7B-Instruct,qwen,BioMixQA,biomix-qa,knowledge,T_N,20,0.356478
Qwen2.5-7B-Instruct,qwen,BioMixQA,biomix-qa,knowledge,T_N,21,0.346536
Qwen2.5-7B-Instruct,qwen,BioMixQA,biomix-qa,knowledge,T_N,22,0.359598
Qwen2.5-7B-Instruct,qwen,BioMixQA,biomix-qa,knowledge,T_N,23,0.339926
Qwen2.5-7B-Instruct,qwen,BioMixQA,biomix-qa,knowledge,T_N,24,0.330143
Qwen2.5-7B-Instruct,qwen,BioMixQA,biomix-qa,knowledge,T_N,25,0.362771
Qwen2.5-7B-Instruct,qwen,BioMixQA,biomix-qa,knowledge,T_N,26,0.369434
Qwen2.5-7B-Instruct,qwen,BioMixQA,biomix-qa,knowledge,T_N,27,0.392385
Qwen2.5-7B-Instruct,qwen,BioMixQA,biomix-qa,knowledge,T_N,28,0.385775
Qwen2.5-7B-Instruct,qwen,BioMixQA,biomix-qa,knowledge,T_R,0,0.231994
Qwen2.5-7B-Instruct,qwen,BioMixQA,biomix-qa,knowledge,T_R,1,0.205764
Qwen2.5-7B-Instruct,qwen,BioMixQA,biomix-qa,knowledge,T_R,2,0.215547
Qwen2.5-7B-Instruct,qwen,BioMixQA,biomix-qa,knowledge,T_R,3,0.205870
Qwen2.5-7B-Instruct,qwen,BioMixQA,biomix-qa,knowledge,T_R,4,0.231941
Qwen2.5-7B-Instruct,qwen,BioMixQA,biomix-qa,knowledge,T_R,5,0.267742
Qwen2.5-7B-Instruct,qwen,BioMixQA,biomix-qa,knowledge,T_R,6,0.261185
Qwen2.5-7B-Instruct,qwen,BioMixQA,biomix-qa,knowledge,T_R,7,0.248017
Qwen2.5-7B-Instruct,qwen,BioMixQA,biomix-qa,knowledge,T_R,8,0.254733
Qwen2.5-7B-Instruct,qwen,BioMixQA,biomix-qa,knowledge,T_R,9,0.238498
Qwen2.5-7B-Instruct,qwen,BioMixQA,biomix-qa,knowledge,T_R,10,0.231888
Qwen2.5-7B-Instruct,qwen,BioMixQA,biomix-qa,knowledge,T_R,11,0.228556
Qwen2.5-7B-Instruct,qwen,BioMixQA,biomix-qa,knowledge,T_R,12,0.267742
Qwen2.5-7B-Instruct,qwen,BioMixQA,biomix-qa,knowledge,T_R,13,0.261132
Qwen2.5-7B-Instruct,qwen,BioMixQA,biomix-qa,knowledge,T_R,14,0.264410
Qwen2.5-7B-Instruct,qwen,BioMixQA,biomix-qa,knowledge,T_R,15,0.261185
Qwen2.5-7B-Instruct,qwen,BioMixQA,biomix-qa,knowledge,T_R,16,0.261237
Qwen2.5-7B-Instruct,qwen,BioMixQA,biomix-qa,knowledge,T_R,17,0.342887
Qwen2.5-7B-Instruct,qwen,BioMixQA,biomix-qa,knowledge,T_R,18,0.339609
Qwen2.5-7B-Instruct,qwen,BioMixQA,biomix-qa,knowledge,T_R,19,0.352988
Qwen2.5-7B-Instruct,qwen,BioMixQA,biomix-qa,knowledge,T_R,20,0.408302
Qwen2.5-7B-Instruct,qwen,BioMixQA,biomix-qa,knowledge,T_R,21,0.431306
Qwen2.5-7B-Instruct,qwen,BioMixQA,biomix-qa,knowledge,T_R,22,0.424855
Qwen2.5-7B-Instruct,qwen,BioMixQA,biomix-qa,knowledge,T_R,23,0.463934
Qwen2.5-7B-Instruct,qwen,BioMixQA,biomix-qa,knowledge,T_R,24,0.450978
Qwen2.5-7B-Instruct,qwen,BioMixQA,biomix-qa,knowledge,T_R,25,0.474035
Qwen2.5-7B-Instruct,qwen,BioMixQA,biomix-qa,knowledge,T_R,26,0.477155
Qwen2.5-7B-Instruct,qwen,BioMixQA,biomix-qa,knowledge,T_R,27,0.487097
Qwen2.5-7B-Instruct,qwen,BioMixQA,biomix-qa,knowledge,T_R,28,0.441354
Qwen2.5-7B-Instruct,qwen,LogiQA,logiqa,reasoning,T_A,0,0.278039
Qwen2.5-7B-Instruct,qwen,LogiQA,logiqa,reasoning,T_A,1,0.239577
Qwen2.5-7B-Instruct,qwen,LogiQA,logiqa,reasoning,T_A,2,0.225743
Qwen2.5-7B-Instruct,qwen,LogiQA,logiqa,reasoning,T_A,3,0.214962
Qwen2.5-7B-Instruct,qwen,LogiQA,logiqa,reasoning,T_A,4,0.218039
Qwen2.5-7B-Instruct,qwen,LogiQA,logiqa,reasoning,T_A,5,0.210335
Qwen2.5-7B-Instruct,qwen,LogiQA,logiqa,reasoning,T_A,6,0.222666
Qwen2.5-7B-Instruct,qwen,LogiQA,logiqa,reasoning,T_A,7,0.213423
Qwen2.5-7B-Instruct,qwen,LogiQA,logiqa,reasoning,T_A,8,0.218109
Qwen2.5-7B-Instruct,qwen,LogiQA,logiqa,reasoning,T_A,9,0.244181
Qwen2.5-7B-Instruct,qwen,LogiQA,logiqa,reasoning,T_A,10,0.222713
Qwen2.5-7B-Instruct,qwen,LogiQA,logiqa,reasoning,T_A,11,0.227270
Qwen2.5-7B-Instruct,qwen,LogiQA,logiqa,reasoning,T_A,12,0.230358
Qwen2.5-7B-Instruct,qwen,LogiQA,logiqa,reasoning,T_A,13,0.247352
Qwen2.5-7B-Instruct,qwen,LogiQA,logiqa,reasoning,T_A,14,0.259648
Qwen2.5-7B-Instruct,qwen,LogiQA,logiqa,reasoning,T_A,15,0.268831
Qwen2.5-7B-Instruct,qwen,LogiQA,logiqa,reasoning,T_A,16,0.255032
Qwen2.5-7B-Instruct,qwen,LogiQA,logiqa,reasoning,T_A,17,0.258086
Qwen2.5-7B-Instruct,qwen,LogiQA,logiqa,reasoning,T_A,18,0.255021
Qwen2.5-7B-Instruct,qwen,LogiQA,logiqa,reasoning,T_A,19,0.293447
Qwen2.5-7B-Instruct,qwen,LogiQA,logiqa,reasoning,T_A,20,0.433341
Qwen2.5-7B-Instruct,qwen,LogiQA,logiqa,reasoning,T_A,21,0.420986
Qwen2.5-7B-Instruct,qwen,LogiQA,logiqa,reasoning,T_A,22,0.447082
Qwen2.5-7B-Instruct,qwen,LogiQA,logiqa,reasoning,T_A,23,0.454715
Qwen2.5-7B-Instruct,qwen,LogiQA,logiqa,reasoning,T_A,24,0.422490
Qwen2.5-7B-Instruct,qwen,LogiQA,logiqa,reasoning,T_A,25,0.439389
Qwen2.5-7B-Instruct,qwen,LogiQA,logiqa,reasoning,T_A,26,0.425555
Qwen2.5-7B-Instruct,qwen,LogiQA,logiqa,reasoning,T_A,27,0.419436
Qwen2.5-7B-Instruct,qwen,LogiQA,logiqa,reasoning,T_A,28,0.428679
Qwen2.5-7B-Instruct,qwen,LogiQA,logiqa,reasoning,T_K,0,0.274962
Qwen2.5-7B-Instruct,qwen,LogiQA,logiqa,reasoning,T_K,1,0.224357
Qwen2.5-7B-Instruct,qwen,LogiQA,logiqa,reasoning,T_K,2,0.236653
Qwen2.5-7B-Instruct,qwen,LogiQA,logiqa,reasoning,T_K,3,0.227375
Qwen2.5-7B-Instruct,qwen,LogiQA,logiqa,reasoning,T_K,4,0.207457
Qwen2.5-7B-Instruct,qwen,LogiQA,logiqa,reasoning,T_K,5,0.222748
Qwen2.5-7B-Instruct,qwen,LogiQA,logiqa,reasoning,T_K,6,0.215115
Qwen2.5-7B-Instruct,qwen,LogiQA,logiqa,reasoning,T_K,7,0.225849
Qwen2.5-7B-Instruct,qwen,LogiQA,logiqa,reasoning,T_K,8,0.221221
Qwen2.5-7B-Instruct,qwen,LogiQA,logiqa,reasoning,T_K,9,0.224251
Qwen2.5-7B-Instruct,qwen,LogiQA,logiqa,reasoning,T_K,10,0.228914
Qwen2.5-7B-Instruct,qwen,LogiQA,logiqa,reasoning,T_K,11,0.245778
Qwen2.5-7B-Instruct,qwen,LogiQA,logiqa,reasoning,T_K,12,0.247340
Qwen2.5-7B-Instruct,qwen,LogiQA,logiqa,reasoning,T_K,13,0.255021
Qwen2.5-7B-Instruct,qwen,LogiQA,logiqa,reasoning,T_K,14,0.256536
Qwen2.5-7B-Instruct,qwen,LogiQA,logiqa,reasoning,T_K,15,0.255044
Qwen2.5-7B-Instruct,qwen,LogiQA,logiqa,reasoning,T_K,16,0.261127
Qwen2.5-7B-Instruct,qwen,LogiQA,logiqa,reasoning,T_K,17,0.268808
Qwen2.5-7B-Instruct,qwen,LogiQA,logiqa,reasoning,T_K,18,0.244216
Qwen2.5-7B-Instruct,qwen,LogiQA,logiqa,reasoning,T_K,19,0.296489
Qwen2.5-7B-Instruct,qwen,LogiQA,logiqa,reasoning,T_K,20,0.397886
Qwen2.5-7B-Instruct,qwen,LogiQA,logiqa,reasoning,T_K,21,0.419378
Qwen2.5-7B-Instruct,qwen,LogiQA,logiqa,reasoning,T_K,22,0.382466
Qwen2.5-7B-Instruct,qwen,LogiQA,logiqa,reasoning,T_K,23,0.390170
Qwen2.5-7B-Instruct,qwen,LogiQA,logiqa,reasoning,T_K,24,0.393247
Qwen2.5-7B-Instruct,qwen,LogiQA,logiqa,reasoning,T_K,25,0.416265
Qwen2.5-7B-Instruct,qwen,LogiQA,logiqa,reasoning,T_K,26,0.420904
Qwen2.5-7B-Instruct,qwen,LogiQA,logiqa,reasoning,T_K,27,0.427046
Qwen2.5-7B-Instruct,qwen,LogiQA,logiqa,reasoning,T_K,28,0.420904
Qwen2.5-7B-Instruct,qwen,LogiQA,logiqa,reasoning,T_N,0,0.281116
Qwen2.5-7B-Instruct,qwen,LogiQA,logiqa,reasoning,T_N,1,0.216536
Qwen2.5-7B-Instruct,qwen,LogiQA,logiqa,reasoning,T_N,2,0.238015
Qwen2.5-7B-Instruct,qwen,LogiQA,logiqa,reasoning,T_N,3,0.261139
Qwen2.5-7B-Instruct,qwen,LogiQA,logiqa,reasoning,T_N,4,0.231991
Qwen2.5-7B-Instruct,qwen,LogiQA,logiqa,reasoning,T_N,5,0.250440
Qwen2.5-7B-Instruct,qwen,LogiQA,logiqa,reasoning,T_N,6,0.268867
Qwen2.5-7B-Instruct,qwen,LogiQA,logiqa,reasoning,T_N,7,0.276500
Qwen2.5-7B-Instruct,qwen,LogiQA,logiqa,reasoning,T_N,8,0.282678
Qwen2.5-7B-Instruct,qwen,LogiQA,logiqa,reasoning,T_N,9,0.264228
Qwen2.5-7B-Instruct,qwen,LogiQA,logiqa,reasoning,T_N,10,0.265743
Qwen2.5-7B-Instruct,qwen,LogiQA,logiqa,reasoning,T_N,11,0.256547
Qwen2.5-7B-Instruct,qwen,LogiQA,logiqa,reasoning,T_N,12,0.248890
Qwen2.5-7B-Instruct,qwen,LogiQA,logiqa,reasoning,T_N,13,0.242713
Qwen2.5-7B-Instruct,qwen,LogiQA,logiqa,reasoning,T_N,14,0.253470
Qwen2.5-7B-Instruct,qwen,LogiQA,logiqa,reasoning,T_N,15,0.291873
Qwen2.5-7B-Instruct,qwen,LogiQA,logiqa,reasoning,T_N,16,0.324122
Qwen2.5-7B-Instruct,qwen,LogiQA,logiqa,reasoning,T_N,17,0.334903
Qwen2.5-7B-Instruct,qwen,LogiQA,logiqa,reasoning,T_N,18,0.347140
Qwen2.5-7B-Instruct,qwen,LogiQA,logiqa,reasoning,T_N,19,0.357910
Qwen2.5-7B-Instruct,qwen,LogiQA,logiqa,reasoning,T_N,20,0.345696
Qwen2.5-7B-Instruct,qwen,LogiQA,logiqa,reasoning,T_N,21,0.367140
Qwen2.5-7B-Instruct,qwen,LogiQA,logiqa,reasoning,T_N,22,0.354915
Qwen2.5-7B-Instruct,qwen,LogiQA,logiqa,reasoning,T_N,23,0.376359
Qwen2.5-7B-Instruct,qwen,LogiQA,logiqa,reasoning,T_N,24,0.359495
Qwen2.5-7B-Instruct,qwen,LogiQA,logiqa,reasoning,T_N,25,0.367246
Qwen2.5-7B-Instruct,qwen,LogiQA,logiqa,reasoning,T_N,26,0.376500
Qwen2.5-7B-Instruct,qwen,LogiQA,logiqa,reasoning,T_N,27,0.385614
Qwen2.5-7B-Instruct,qwen,LogiQA,logiqa,reasoning,T_N,28,0.361080
Qwen2.5-7B-Instruct,qwen,LogiQA,logiqa,reasoning,T_R,0,0.278039
Qwen2.5-7B-Instruct,qwen,LogiQA,logiqa,reasoning,T_R,1,0.228867
Qwen2.5-7B-Instruct,qwen,LogiQA,logiqa,reasoning,T_R,2,0.228855
Qwen2.5-7B-Instruct,qwen,LogiQA,logiqa,reasoning,T_R,3,0.241139
Qwen2.5-7B-Instruct,qwen,LogiQA,logiqa,reasoning,T_R,4,0.231967
Qwen2.5-7B-Instruct,qwen,LogiQA,logiqa,reasoning,T_R,5,0.228843
Qwen2.5-7B-Instruct,qwen,LogiQA,logiqa,reasoning,T_R,6,0.225778
Qwen2.5-7B-Instruct,qwen,LogiQA,logiqa,reasoning,T_R,7,0.227317
Qwen2.5-7B-Instruct,qwen,LogiQA,logiqa,reasoning,T_R,8,0.222701
Qwen2.5-7B-Instruct,qwen,LogiQA,logiqa,reasoning,T_R,9,0.219636
Qwen2.5-7B-Instruct,qwen,LogiQA,logiqa,reasoning,T_R,10,0.233459
Qwen2.5-7B-Instruct,qwen,LogiQA,logiqa,reasoning,T_R,11,0.228867
Qwen2.5-7B-Instruct,qwen,LogiQA,logiqa,reasoning,T_R,12,0.219636
Qwen2.5-7B-Instruct,qwen,LogiQA,logiqa,reasoning,T_R,13,0.236524
Qwen2.5-7B-Instruct,qwen,LogiQA,logiqa,reasoning,T_R,14,0.245708
Qwen2.5-7B-Instruct,qwen,LogiQA,logiqa,reasoning,T_R,15,0.248796
Qwen2.5-7B-Instruct,qwen,LogiQA,logiqa,reasoning,T_R,16,0.231932
Qwen2.5-7B-Instruct,qwen,LogiQA,logiqa,reasoning,T_R,17,0.250393
Qwen2.5-7B-Instruct,qwen,LogiQA,logiqa,reasoning,T_R,18,0.256524
Qwen2.5-7B-Instruct,qwen,LogiQA,logiqa,reasoning,T_R,19,0.253412
Qwen2.5-7B-Instruct,qwen,LogiQA,logiqa,reasoning,T_R,20,0.387117
Qwen2.5-7B-Instruct,qwen,LogiQA,logiqa,reasoning,T_R,21,0.413153
Qwen2.5-7B-Instruct,qwen,LogiQA,logiqa,reasoning,T_R,22,0.443922
Qwen2.5-7B-Instruct,qwen,LogiQA,logiqa,reasoning,T_R,23,0.426964
Qwen2.5-7B-Instruct,qwen,LogiQA,logiqa,reasoning,T_R,24,0.433095
Qwen2.5-7B-Instruct,qwen,LogiQA,logiqa,reasoning,T_R,25,0.442361
Qwen2.5-7B-Instruct,qwen,LogiQA,logiqa,reasoning,T_R,26,0.448514
Qwen2.5-7B-Instruct,qwen,LogiQA,logiqa,reasoning,T_R,27,0.439307
Qwen2.5-7B-Instruct,qwen,LogiQA,logiqa,reasoning,T_R,28,0.448467
Qwen2.5-7B-Instruct,qwen,MathQA,math-qa,reasoning,T_A,0,0.237000
Qwen2.5-7B-Instruct,qwen,MathQA,math-qa,reasoning,T_A,1,0.235000
Qwen2.5-7B-Instruct,qwen,MathQA,math-qa,reasoning,T_A,2,0.249000
Qwen2.5-7B-Instruct,qwen,MathQA,math-qa,reasoning,T_A,3,0.243000
Qwen2.5-7B-Instruct,qwen,MathQA,math-qa,reasoning,T_A,4,0.227000
Qwen2.5-7B-Instruct,qwen,MathQA,math-qa,reasoning,T_A,5,0.216000
Qwen2.5-7B-Instruct,qwen,MathQA,math-qa,reasoning,T_A,6,0.219000
Qwen2.5-7B-Instruct,qwen,MathQA,math-qa,reasoning,T_A,7,0.226000
Qwen2.5-7B-Instruct,qwen,MathQA,math-qa,reasoning,T_A,8,0.205000
Qwen2.5-7B-Instruct,qwen,MathQA,math-qa,reasoning,T_A,9,0.210000
Qwen2.5-7B-Instruct,qwen,MathQA,math-qa,reasoning,T_A,10,0.213000
Qwen2.5-7B-Instruct,qwen,MathQA,math-qa,reasoning,T_A,11,0.214000
Qwen2.5-7B-Instruct,qwen,MathQA,math-qa,reasoning,T_A,12,0.214000
Qwen2.5-7B-Instruct,qwen,MathQA,math-qa,reasoning,T_A,13,0.211000
Qwen2.5-7B-Instruct,qwen,MathQA,math-qa,reasoning,T_A,14,0.215000
Qwen2.5-7B-Instruct,qwen,MathQA,math-qa,reasoning,T_A,15,0.227000
Qwen2.5-7B-Instruct,qwen,MathQA,math-qa,reasoning,T_A,16,0.233000
Qwen2.5-7B-Instruct,qwen,MathQA,math-qa,reasoning,T_A,17,0.238000
Qwen2.5-7B-Instruct,qwen,MathQA,math-qa,reasoning,T_A,18,0.227000
Qwen2.5-7B-Instruct,qwen,MathQA,math-qa,reasoning,T_A,19,0.247000
Qwen2.5-7B-Instruct,qwen,MathQA,math-qa,reasoning,T_A,20,0.284000
Qwen2.5-7B-Instruct,qwen,MathQA,math-qa,reasoning,T_A,21,0.295000
Qwen2.5-7B-Instruct,qwen,MathQA,math-qa,reasoning,T_A,22,0.294000
Qwen2.5-7B-Instruct,qwen,MathQA,math-qa,reasoning,T_A,23,0.292000
Qwen2.5-7B-Instruct,qwen,MathQA,math-qa,reasoning,T_A,24,0.293000
Qwen2.5-7B-Instruct,qwen,MathQA,math-qa,reasoning,T_A,25,0.276000
Qwen2.5-7B-Instruct,qwen,MathQA,math-qa,reasoning,T_A,26,0.279000
Qwen2.5-7B-Instruct,qwen,MathQA,math-qa,reasoning,T_A,27,0.283000
Qwen2.5-7B-Instruct,qwen,MathQA,math-qa,reasoning,T_A,28,0.278000
Qwen2.5-7B-Instruct,qwen,MathQA,math-qa,reasoning,T_K,0,0.237000
Qwen2.5-7B-Instruct,qwen,MathQA,math-qa,reasoning,T_K,1,0.237000
Qwen2.5-7B-Instruct,qwen,MathQA,math-qa,reasoning,T_K,2,0.242000
Qwen2.5-7B-Instruct,qwen,MathQA,math-qa,reasoning,T_K,3,0.226000
Qwen2.5-7B-Instruct,qwen,MathQA,math-qa,reasoning,T_K,4,0.228000
Qwen2.5-7B-Instruct,qwen,MathQA,math-qa,reasoning,T_K,5,0.229000
Qwen2.5-7B-Instruct,qwen,MathQA,math-qa,reasoning,T_K,6,0.222000
Qwen2.5-7B-Instruct,qwen,MathQA,math-qa,reasoning,T_K,7,0.235000
Qwen2.5-7B-Instruct,qwen,MathQA,math-qa,reasoning,T_K,8,0.221000
Qwen2.5-7B-Instruct,qwen,MathQA,math-qa,reasoning,T_K,9,0.217000
Qwen2.5-7B-Instruct,qwen,MathQA,math-qa,reasoning,T_K,10,0.217000
Qwen2.5-7B-Instruct,qwen,MathQA,math-qa,reasoning,T_K,11,0.215000
Qwen2.5-7B-Instruct,qwen,MathQA,math-qa,reasoning,T_K,12,0.216000
Qwen2.5-7B-Instruct,qwen,MathQA,math-qa,reasoning,T_K,13,0.229000
Qwen2.5-7B-Instruct,qwen,MathQA,math-qa,reasoning,T_K,14,0.224000
Qwen2.5-7B-Instruct,qwen,MathQA,math-qa,reasoning,T_K,15,0.215000
Qwen2.5-7B-Instruct,qwen,MathQA,math-qa,reasoning,T_K,16,0.208000
Qwen2.5-7B-Instruct,qwen,MathQA,math-qa,reasoning,T_K,17,0.250000
Qwen2.5-7B-Instruct,qwen,MathQA,math-qa,reasoning,T_K,18,0.244000
Qwen2.5-7B-Instruct,qwen,MathQA,math-qa,reasoning,T_K,19,0.255000
Qwen2.5-7B-Instruct,qwen,MathQA,math-qa,reasoning,T_K,20,0.284000
Qwen2.5-7B-Instruct,qwen,MathQA,math-qa,reasoning,T_K,21,0.280000
Qwen2.5-7B-Instruct,qwen,MathQA,math-qa,reasoning,T_K,22,0.280000
Qwen2.5-7B-Instruct,qwen,MathQA,math-qa,reasoning,T_K,23,0.278000
Qwen2.5-7B-Instruct,qwen,MathQA,math-qa,reasoning,T_K,24,0.276000
Qwen2.5-7B-Instruct,qwen,MathQA,math-qa,reasoning,T_K,25,0.288000
Qwen2.5-7B-Instruct,qwen,MathQA,math-qa,reasoning,T_K,26,0.272000
Qwen2.5-7B-Instruct,qwen,MathQA,math-qa,reasoning,T_K,27,0.270000
Qwen2.5-7B-Instruct,qwen,MathQA,math-qa,reasoning,T_K,28,0.270000
Qwen2.5-7B-Instruct,qwen,MathQA,math-qa,reasoning,T_N,0,0.233000
Qwen2.5-7B-Instruct,qwen,MathQA,math-qa,reasoning,T_N,1,0.235000
Qwen2.5-7B-Instruct,qwen,MathQA,math-qa,reasoning,T_N,2,0.237000
Qwen2.5-7B-Instruct,qwen,MathQA,math-qa,reasoning,T_N,3,0.254000
Qwen2.5-7B-Instruct,qwen,MathQA,math-qa,reasoning,T_N,4,0.244000
Qwen2.5-7B-Instruct,qwen,MathQA,math-qa,reasoning,T_N,5,0.240000
Qwen2.5-7B-Instruct,qwen,MathQA,math-qa,reasoning,T_N,6,0.222000
Qwen2.5-7B-Instruct,qwen,MathQA,math-qa,reasoning,T_N,7,0.253000
Qwen2.5-7B-Instruct,qwen,MathQA,math-qa,reasoning,T_N,8,0.227000
Qwen2.5-7B-Instruct,qwen,MathQA,math-qa,reasoning,T_N,9,0.231000
Qwen2.5-7B-Instruct,qwen,MathQA,math-qa,reasoning,T_N,10,0.226000
Qwen2.5-7B-Instruct,qwen,MathQA,math-qa,reasoning,T_N,11,0.235000
Qwen2.5-7B-Instruct,qwen,MathQA,math-qa,reasoning,T_N,12,0.225000
Qwen2.5-7B-Instruct,qwen,MathQA,math-qa,reasoning,T_N,13,0.235000
Qwen2.5-7B-Instruct,qwen,MathQA,math-qa,reasoning,T_N,14,0.234000
Qwen2.5-7B-Instruct,qwen,MathQA,math-qa,reasoning,T_N,15,0.223000
Qwen2.5-7B-Instruct,qwen,MathQA,math-qa,reasoning,T_N,16,0.244000
Qwen2.5-7B-Instruct,qwen,MathQA,math-qa,reasoning,T_N,17,0.252000
Qwen2.5-7B-Instruct,qwen,MathQA,math-qa,reasoning,T_N,18,0.243000
Qwen2.5-7B-Instruct,qwen,MathQA,math-qa,reasoning,T_N,19,0.254000
Qwen2.5-7B-Instruct,qwen,MathQA,math-qa,reasoning,T_N,20,0.260000
Qwen2.5-7B-Instruct,qwen,MathQA,math-qa,reasoning,T_N,21,0.271000
Qwen2.5-7B-Instruct,qwen,MathQA,math-qa,reasoning,T_N,22,0.276000
Qwen2.5-7B-Instruct,qwen,MathQA,math-qa,reasoning,T_N,23,0.288000
Qwen2.5-7B-Instruct,qwen,MathQA,math-qa,reasoning,T_N,24,0.281000
Qwen2.5-7B-Instruct,qwen,MathQA,math-qa,reasoning,T_N,25,0.266000
Qwen2.5-7B-Instruct,qwen,MathQA,math-qa,reasoning,T_N,26,0.288000
Qwen2.5-7B-Instruct,qwen,MathQA,math-qa,reasoning,T_N,27,0.278000
Qwen2.5-7B-Instruct,qwen,MathQA,math-qa,reasoning,T_N,28,0.270000
Qwen2.5-7B-Instruct,qwen,MathQA,math-qa,reasoning,T_R,0,0.237000
Qwen2.5-7B-Instruct,qwen,MathQA,math-qa,reasoning,T_R,1,0.208000
Qwen2.5-7B-Instruct,qwen,MathQA,math-qa,reasoning,T_R,2,0.223000
Qwen2.5-7B-Instruct,qwen,MathQA,math-qa,reasoning,T_R,3,0.222000
Qwen2.5-7B-Instruct,qwen,MathQA,math-qa,reasoning,T_R,4,0.231000
Qwen2.5-7B-Instruct,qwen,MathQA,math-qa,reasoning,T_R,5,0.226000
Qwen2.5-7B-Instruct,qwen,MathQA,math-qa,reasoning,T_R,6,0.235000
Qwen2.5-7B-Instruct,qwen,MathQA,math-qa,reasoning,T_R,7,0.237000
Qwen2.5-7B-Instruct,qwen,MathQA,math-qa,reasoning,T_R,8,0.224000
Qwen2.5-7B-Instruct,qwen,MathQA,math-qa,reasoning,T_R,9,0.195000
Qwen2.5-7B-Instruct,qwen,MathQA,math-qa,reasoning,T_R,10,0.207000
Qwen2.5-7B-Instruct,qwen,MathQA,math-qa,reasoning,T_R,11,0.221000
Qwen2.5-7B-Instruct,qwen,MathQA,math-qa,reasoning,T_R,12,0.243000
Qwen2.5-7B-Instruct,qwen,MathQA,math-qa,reasoning,T_R,13,0.243000
Qwen2.5-7B-Instruct,qwen,MathQA,math-qa,reasoning,T_R,14,0.230000
Qwen2.5-7B-Instruct,qwen,MathQA,math-qa,reasoning,T_R,15,0.233000
Qwen2.5-7B-Instruct,qwen,MathQA,math-qa,reasoning,T_R,16,0.222000
Qwen2.5-7B-Instruct,qwen,MathQA,math-qa,reasoning,T_R,17,0.234000
Qwen2.5-7B-Instruct,qwen,MathQA,math-qa,reasoning,T_R,18,0.217000
Qwen2.5-7B-Instruct,qwen,MathQA,math-qa,reasoning,T_R,19,0.194000
Qwen2.5-7B-Instruct,qwen,MathQA,math-qa,reasoning,T_R,20,0.246000
Qwen2.5-7B-Instruct,qwen,MathQA,math-qa,reasoning,T_R,21,0.276000
Qwen2.5-7B-Instruct,qwen,MathQA,math-qa,reasoning,T_R,22,0.267000
Qwen2.5-7B-Instruct,qwen,MathQA,math-qa,reasoning,T_R,23,0.245000
Qwen2.5-7B-Instruct,qwen,MathQA,math-qa,reasoning,T_R,24,0.257000
Qwen2.5-7B-Instruct,qwen,MathQA,math-qa,reasoning,T_R,25,0.259000
Qwen2.5-7B-Instruct,qwen,MathQA,math-qa,reasoning,T_R,26,0.260000
Qwen2.5-7B-Instruct,qwen,MathQA,math-qa,reasoning,T_R,27,0.277000
Qwen2.5-7B-Instruct,qwen,MathQA,math-qa,reasoning,T_R,28,0.277000
Qwen2.5-7B-Instruct,qwen,SciQ,sciq,knowledge,T_A,0,0.253000
Qwen2.5-7B-Instruct,qwen,SciQ,sciq,knowledge,T_A,1,0.270000
Qwen2.5-7B-Instruct,qwen,SciQ,sciq,knowledge,T_A,2,0.282000
Qwen2.5-7B-Instruct,qwen,SciQ,sciq,knowledge,T_A,3,0.282000
Qwen2.5-7B-Instruct,qwen,SciQ,sciq,knowledge,T_A,4,0.273000
Qwen2.5-7B-Instruct,qwen,SciQ,sciq,knowledge,T_A,5,0.262000
Qwen2.5-7B-Instruct,qwen,SciQ,sciq,knowledge,T_A,6,0.255000
Qwen2.5-7B-Instruct,qwen,SciQ,sciq,knowledge,T_A,7,0.272000
Qwen2.5-7B-Instruct,qwen,SciQ,sciq,knowledge,T_A,8,0.286000
Qwen2.5-7B-Instruct,qwen,SciQ,sciq,knowledge,T_A,9,0.306000
Qwen2.5-7B-Instruct,qwen,SciQ,sciq,knowledge,T_A,10,0.290000
Qwen2.5-7B-Instruct,qwen,SciQ,sciq,knowledge,T_A,11,0.304000
Qwen2.5-7B-Instruct,qwen,SciQ,sciq,knowledge,T_A,12,0.363000
Qwen2.5-7B-Instruct,qwen,SciQ,sciq,knowledge,T_A,13,0.369000
Qwen2.5-7B-Instruct,qwen,SciQ,sciq,knowledge,T_A,14,0.352000
Qwen2.5-7B-Instruct,qwen,SciQ,sciq,knowledge,T_A,15,0.386000
Qwen2.5-7B-Instruct,qwen,SciQ,sciq,knowledge,T_A,16,0.505000
Qwen2.5-7B-Instruct,qwen,SciQ,sciq,knowledge,T_A,17,0.753000
Qwen2.5-7B-Instruct,qwen,SciQ,sciq,knowledge,T_A,18,0.775000
Qwen2.5-7B-Instruct,qwen,SciQ,sciq,knowledge,T_A,19,0.843000
Qwen2.5-7B-Instruct,qwen,SciQ,sciq,knowledge,T_A,20,0.939000
Qwen2.5-7B-Instruct,qwen,SciQ,sciq,knowledge,T_A,21,0.940000
Qwen2.5-7B-Instruct,qwen,SciQ,sciq,knowledge,T_A,22,0.942000
Qwen2.5-7B-Instruct,qwen,SciQ,sciq,knowledge,T_A,23,0.945000
Qwen2.5-7B-Instruct,qwen,SciQ,sciq,knowledge,T_A,24,0.942000
Qwen2.5-7B-Instruct,qwen,SciQ,sciq,knowledge,T_A,25,0.937000
Qwen2.5-7B-Instruct,qwen,SciQ,sciq,knowledge,T_A,26,0.935000
Qwen2.5-7B-Instruct,qwen,SciQ,sciq,knowledge,T_A,27,0.937000
Qwen2.5-7B-Instruct,qwen,SciQ,sciq,knowledge,T_A,28,0.936000
Qwen2.5-7B-Instruct,qwen,SciQ,sciq,knowledge,T_K,0,0.253000
Qwen2.5-7B-Instruct,qwen,SciQ,sciq,knowledge,T_K,1,0.244000
Qwen2.5-7B-Instruct,qwen,SciQ,sciq,knowledge,T_K,2,0.255000
Qwen2.5-7B-Instruct,qwen,SciQ,sciq,knowledge,T_K,3,0.258000
Qwen2.5-7B-Instruct,qwen,SciQ,sciq,knowledge,T_K,4,0.256000
Qwen2.5-7B-Instruct,qwen,SciQ,sciq,knowledge,T_K,5,0.271000
Qwen2.5-7B-Instruct,qwen,SciQ,sciq,knowledge,T_K,6,0.265000
Qwen2.5-7B-Instruct,qwen,SciQ,sciq,knowledge,T_K,7,0.253000
Qwen2.5-7B-Instruct,qwen,SciQ,sciq,knowledge,T_K,8,0.264000
Qwen2.5-7B-Instruct,qwen,SciQ,sciq,knowledge,T_K,9,0.253000
Qwen2.5-7B-Instruct,qwen,SciQ,sciq,knowledge,T_K,10,0.262000
Qwen2.5-7B-Instruct,qwen,SciQ,sciq,knowledge,T_K,11,0.275000
Qwen2.5-7B-Instruct,qwen,SciQ,sciq,knowledge,T_K,12,0.283000
Qwen2.5-7B-Instruct,qwen,SciQ,sciq,knowledge,T_K,13,0.335000
Qwen2.5-7B-Instruct,qwen,SciQ,sciq,knowledge,T_K,14,0.357000
Qwen2.5-7B-Instruct,qwen,SciQ,sciq,knowledge,T_K,15,0.406000
Qwen2.5-7B-Instruct,qwen,SciQ,sciq,knowledge,T_K,16,0.433000
Qwen2.5-7B-Instruct,qwen,SciQ,sciq,knowledge,T_K,17,0.621000
Qwen2.5-7B-Instruct,qwen,SciQ,sciq,knowledge,T_K,18,0.677000
Qwen2.5-7B-Instruct,qwen,SciQ,sciq,knowledge,T_K,19,0.812000
Qwen2.5-7B-Instruct,qwen,SciQ,sciq,knowledge,T_K,20,0.916000
Qwen2.5-7B-Instruct,qwen,SciQ,sciq,knowledge,T_K,21,0.931000
Qwen2.5-7B-Instruct,qwen,SciQ,sciq,knowledge,T_K,22,0.935000
Qwen2.5-7B-Instruct,qwen,SciQ,sciq,knowledge,T_K,23,0.932000
Qwen2.5-7B-Instruct,qwen,SciQ,sciq,knowledge,T_K,24,0.931000
Qwen2.5-7B-Instruct,qwen,SciQ,sciq,knowledge,T_K,25,0.932000
Qwen2.5-7B-Instruct,qwen,SciQ,sciq,knowledge,T_K,26,0.932000
Qwen2.5-7B-Instruct,qwen,SciQ,sciq,knowledge,T_K,27,0.935000
Qwen2.5-7B-Instruct,qwen,SciQ,sciq,knowledge,T_K,28,0.933000
Qwen2.5-7B-Instruct,qwen,SciQ,sciq,knowledge,T_N,0,0.275000
Qwen2.5-7B-Instruct,qwen,SciQ,sciq,knowledge,T_N,1,0.284000
Qwen2.5-7B-Instruct,qwen,SciQ,sciq,knowledge,T_N,2,0.277000
Qwen2.5-7B-Instruct,qwen,SciQ,sciq,knowledge,T_N,3,0.283000
Qwen2.5-7B-Instruct,qwen,SciQ,sciq,knowledge,T_N,4,0.292000
Qwen2.5-7B-Instruct,qwen,SciQ,sciq,knowledge,T_N,5,0.301000
Qwen2.5-7B-Instruct,qwen,SciQ,sciq,knowledge,T_N,6,0.323000
Qwen2.5-7B-Instruct,qwen,SciQ,sciq,knowledge,T_N,7,0.335000
Qwen2.5-7B-Instruct,qwen,SciQ,sciq,knowledge,T_N,8,0.341000
Qwen2.5-7B-Instruct,qwen,SciQ,sciq,knowledge,T_N,9,0.352000
Qwen2.5-7B-Instruct,qwen,SciQ,sciq,knowledge,T_N,10,0.363000
Qwen2.5-7B-Instruct,qwen,SciQ,sciq,knowledge,T_N,11,0.361000
Qwen2.5-7B-Instruct,qwen,SciQ,sciq,knowledge,T_N,12,0.408000
Qwen2.5-7B-Instruct,qwen,SciQ,sciq,knowledge,T_N,13,0.415000
Qwen2.5-7B-Instruct,qwen,SciQ,sciq,knowledge,T_N,14,0.431000
Qwen2.5-7B-Instruct,qwen,SciQ,sciq,knowledge,T_N,15,0.441000
Qwen2.5-7B-Instruct,qwen,SciQ,sciq,knowledge,T_N,16,0.486000
Qwen2.5-7B-Instruct,qwen,SciQ,sciq,knowledge,T_N,17,0.584000
Qwen2.5-7B-Instruct,qwen,SciQ,sciq,knowledge,T_N,18,0.603000
Qwen2.5-7B-Instruct,qwen,SciQ,sciq,knowledge,T_N,19,0.618000
Qwen2.5-7B-Instruct,qwen,SciQ,sciq,knowledge,T_N,20,0.612000
Qwen2.5-7B-Instruct,qwen,SciQ,sciq,knowledge,T_N,21,0.659000
Qwen2.5-7B-Instruct,qwen,SciQ,sciq,knowledge,T_N,22,0.689000
Qwen2.5-7B-Instruct,qwen,SciQ,sciq,knowledge,T_N,23,0.700000
Qwen2.5-7B-Instruct,qwen,SciQ,sciq,knowledge,T_N,24,0.683000
Qwen2.5-7B-Instruct,qwen,SciQ,sciq,knowledge,T_N,25,0.751000
Qwen2.5-7B-Instruct,qwen,SciQ,sciq,knowledge,T_N,26,0.800000
Qwen2.5-7B-Instruct,qwen,SciQ,sciq,knowledge,T_N,27,0.877000
Qwen2.5-7B-Instruct,qwen,SciQ,sciq,knowledge,T_N,28,0.876000
Qwen2.5-7B-Instruct,qwen,SciQ,sciq,knowledge,T_R,0,0.253000
Qwen2.5-7B-Instruct,qwen,SciQ,sciq,knowledge,T_R,1,0.254000
Qwen2.5-7B-Instruct,qwen,SciQ,sciq,knowledge,T_R,2,0.247000
Qwen2.5-7B-Instruct,qwen,SciQ,sciq,knowledge,T_R,3,0.250000
Qwen2.5-7B-Instruct,qwen,SciQ,sciq,knowledge,T_R,4,0.266000
Qwen2.5-7B-Instruct,qwen,SciQ,sciq,knowledge,T_R,5,0.279000
Qwen2.5-7B-Instruct,qwen,SciQ,sciq,knowledge,T_R,6,0.286000
Qwen2.5-7B-Instruct,qwen,SciQ,sciq,knowledge,T_R,7,0.279000
Qwen2.5-7B-Instruct,qwen,SciQ,sciq,knowledge,T_R,8,0.290000
Qwen2.5-7B-Instruct,qwen,SciQ,sciq,knowledge,T_R,9,0.269000
Qwen2.5-7B-Instruct,qwen,SciQ,sciq,knowledge,T_R,10,0.273000
Qwen2.5-7B-Instruct,qwen,SciQ,sciq,knowledge,T_R,11,0.282000
Qwen2.5-7B-Instruct,qwen,SciQ,sciq,knowledge,T_R,12,0.303000
Qwen2.5-7B-Instruct,qwen,SciQ,sciq,knowledge,T_R,13,0.318000
Qwen2.5-7B-Instruct,qwen,SciQ,sciq,knowledge,T_R,14,0.341000
Qwen2.5-7B-Instruct,qwen,SciQ,sciq,knowledge,T_R,15,0.379000
Qwen2.5-7B-Instruct,qwen,SciQ,sciq,knowledge,T_R,16,0.430000
Qwen2.5-7B-Instruct,qwen,SciQ,sciq,knowledge,T_R,17,0.637000
Qwen2.5-7B-Instruct,qwen,SciQ,sciq,knowledge,T_R,18,0.681000
Qwen2.5-7B-Instruct,qwen,SciQ,sciq,knowledge,T_R,19,0.803000
Qwen2.5-7B-Instruct,qwen,SciQ,sciq,knowledge,T_R,20,0.919000
Qwen2.5-7B-Instruct,qwen,SciQ,sciq,knowledge,T_R,21,0.920000
Qwen2.5-7B-Instruct,qwen,SciQ,sciq,knowledge,T_R,22,0.924000
Qwen2.5-7B-Instruct,qwen,SciQ,sciq,knowledge,T_R,23,0.922000
Qwen2.5-7B-Instruct,qwen,SciQ,sciq,knowledge,T_R,24,0.923000
Qwen2.5-7B-Instruct,qwen,SciQ,sciq,knowledge,T_R,25,0.928000
Qwen2.5-7B-Instruct,qwen,SciQ,sciq,knowledge,T_R,26,0.925000
Qwen2.5-7B-Instruct,qwen,SciQ,sciq,knowledge,T_R,27,0.927000
Qwen2.5-7B-Instruct,qwen,SciQ,sciq,knowledge,T_R,28,0.928000
